{"stats":{"minecraft:used":{"minecraft:oak_fence":10,"securitycraft:trophy_system":1,"alexsmobs:spawn_egg_raccoon":2,"minecraft:anvil":1,"minecraft:snow":2,"minecraft:crafting_table":3,"minecraft:grass_block":1},"minecraft:mined":{"minecraft:crafting_table":2},"minecraft:custom":{"minecraft:time_since_rest":43018,"minecraft:crouch_one_cm":2662,"minecraft:sprint_one_cm":10645,"minecraft:play_time":43018,"minecraft:damage_taken":40,"minecraft:walk_one_cm":42847,"minecraft:sneak_time":831,"minecraft:interact_with_anvil":2,"minecraft:jump":163,"minecraft:damage_dealt":8,"minecraft:leave_game":7,"minecraft:time_since_death":43018,"minecraft:total_world_time":43018,"minecraft:interact_with_crafting_table":7,"minecraft:fall_one_cm":5870,"minecraft:fly_one_cm":86446},"minecraft:crafted":{"minecraft:stick":8,"minecraft:wooden_pickaxe":3},"minecraft:picked_up":{"minecraft:crafting_table":2}},"DataVersion":3465}