{"stats":{"minecraft:custom":{"minecraft:time_since_rest":70745,"minecraft:crouch_one_cm":2855,"minecraft:sprint_one_cm":11190,"minecraft:play_time":70745,"minecraft:damage_taken":40,"minecraft:walk_one_cm":66187,"minecraft:sneak_time":919,"minecraft:interact_with_anvil":2,"minecraft:jump":189,"minecraft:damage_dealt":8,"minecraft:leave_game":9,"minecraft:time_since_death":70745,"minecraft:total_world_time":70745,"minecraft:interact_with_crafting_table":7,"minecraft:fall_one_cm":5870,"minecraft:fly_one_cm":87953},"minecraft:crafted":{"minecraft:stick":8,"minecraft:wooden_pickaxe":3},"minecraft:mined":{"minecraft:spruce_log":1,"minecraft:stone":1,"minecraft:crafting_table":2},"minecraft:used":{"mekanismtools:refined_obsidian_paxel":2,"securitycraft:trophy_system":1,"alexsmobs:spawn_egg_raccoon":2,"minecraft:oak_fence":10,"minecraft:anvil":1,"minecraft:snow":4,"minecraft:crafting_table":3,"minecraft:grass_block":5,"minecraft:stone":1,"minecraft:spruce_log":3},"minecraft:picked_up":{"minecraft:crafting_table":2,"minecraft:bone":2,"minecraft:spruce_log":1}},"DataVersion":3465}