{"stats":{"minecraft:custom":{"minecraft:time_since_rest":35731,"minecraft:crouch_one_cm":1938,"minecraft:sprint_one_cm":10645,"minecraft:play_time":35731,"minecraft:damage_taken":40,"minecraft:walk_one_cm":37562,"minecraft:sneak_time":729,"minecraft:interact_with_anvil":2,"minecraft:jump":157,"minecraft:leave_game":6,"minecraft:time_since_death":35731,"minecraft:total_world_time":35731,"minecraft:interact_with_crafting_table":7,"minecraft:fall_one_cm":5870,"minecraft:fly_one_cm":84669},"minecraft:picked_up":{"minecraft:crafting_table":2},"minecraft:mined":{"minecraft:crafting_table":2},"minecraft:crafted":{"minecraft:stick":8,"minecraft:wooden_pickaxe":3},"minecraft:used":{"minecraft:oak_fence":10,"securitycraft:trophy_system":1,"alexsmobs:spawn_egg_raccoon":2,"minecraft:anvil":1,"minecraft:snow":1,"minecraft:crafting_table":3}},"DataVersion":3465}