{"stats":{"minecraft:picked_up":{"alexsmobs:flying_fish":1},"minecraft:custom":{"minecraft:jump":39,"minecraft:time_since_rest":24093,"minecraft:leave_game":1,"minecraft:damage_dealt":30,"minecraft:crouch_one_cm":210,"minecraft:damage_taken":28,"minecraft:sprint_one_cm":3200,"minecraft:play_time":24093,"minecraft:walk_on_water_one_cm":124,"minecraft:time_since_death":24093,"minecraft:walk_one_cm":21523,"minecraft:sneak_time":21,"minecraft:total_world_time":24093,"minecraft:fall_one_cm":745,"minecraft:fly_one_cm":6062}},"DataVersion":3465}