{"stats":{"minecraft:mined":{"minecraft:crafting_table":2},"minecraft:used":{"minecraft:crafting_table":2},"minecraft:picked_up":{"minecraft:crafting_table":2},"minecraft:crafted":{"minecraft:stick":4,"minecraft:wooden_pickaxe":2},"minecraft:custom":{"minecraft:jump":113,"minecraft:time_since_rest":14406,"minecraft:crouch_one_cm":425,"minecraft:sprint_one_cm":9209,"minecraft:leave_game":3,"minecraft:play_time":14406,"minecraft:damage_taken":40,"minecraft:time_since_death":14406,"minecraft:walk_one_cm":5234,"minecraft:sneak_time":99,"minecraft:total_world_time":14406,"minecraft:interact_with_crafting_table":3,"minecraft:fall_one_cm":5870,"minecraft:fly_one_cm":23842}},"DataVersion":3465}