{"stats":{"minecraft:custom":{"minecraft:jump":117,"minecraft:open_chest":1,"minecraft:time_since_rest":12959,"minecraft:crouch_one_cm":349,"minecraft:leave_game":1,"minecraft:sprint_one_cm":11969,"minecraft:play_time":12959,"minecraft:damage_taken":20,"minecraft:time_since_death":12959,"minecraft:walk_one_cm":3847,"minecraft:sneak_time":197,"minecraft:total_world_time":12959,"minecraft:drop":1,"minecraft:fall_one_cm":1832,"minecraft:fly_one_cm":23347},"minecraft:dropped":{"minecraft:crafting_table":1}},"DataVersion":3465}