{"stats":{"minecraft:crafted":{"mutantmonsters:mutant_skeleton_leggings":1,"minecraft:oak_planks":188,"minecraft:cobblestone_slab":54,"minecraft:oak_sign":6,"hangglider:hang_glider":1,"minecraft:cooked_chicken":1,"mutantmonsters:mutant_skeleton_arms":1,"minecraft:iron_boots":2,"mutantmonsters:mutant_skeleton_boots":1,"minecraft:chest":5,"mutantmonsters:mutant_skeleton_rib_cage":1,"minecraft:oak_fence":15,"wardrobe:bound_leather":6,"minecraft:wooden_shovel":1,"minecraft:crafting_table":7,"minecraft:iron_helmet":1,"minecraft:copper_ingot":4,"mekanismtools:stone_paxel":4,"minecraft:wooden_hoe":1,"minecraft:iron_chestplate":1,"minecraft:stick":156,"minecraft:iron_ingot":37,"minecraft:iron_pickaxe":1,"minecraft:stone_sword":1,"minecraft:gold_ingot":2,"wardrobe:leather_top_hat_helmet":2,"hangglider:glider_framework":1,"minecraft:stone_shovel":4,"minecraft:furnace":1,"minecraft:bone_meal":111,"hangglider:glider_wing":2,"mutantmonsters:mutant_skeleton_chestplate":1,"minecraft:stone_pickaxe":4,"minecraft:cooked_beef":34,"minecraft:stone_axe":4,"minecraft:air":0,"minecraft:oak_boat":3,"minecraft:oak_fence_gate":1,"minecraft:oak_chest_boat":1,"minecraft:iron_leggings":1,"minecraft:torch":144},"minecraft:dropped":{"minecraft:brown_mushroom":1,"minecraft:cooked_beef":19,"minecraft:oak_log":18,"minecraft:crafting_table":1,"minecraft:weeping_vines":1,"minecraft:rooted_dirt":19,"minecraft:rail":1,"mutantmonsters:mutant_skeleton_shoulder_pad":1,"minecraft:dirt":12,"mekanismtools:osmium_paxel":1,"minecraft:gold_nugget":2,"minecraft:bone_block":1,"minecraft:gold_ingot":3,"minecraft:bone":14,"minecraft:gravel":6,"minecraft:blackstone":1,"mekanism:ingot_osmium":43,"hangglider:hang_glider":1,"minecraft:cobbled_deepslate":15,"minecraft:wheat":1,"mekanism:digital_miner":1,"minecraft:rotten_flesh":17,"minecraft:oak_planks":27,"minecraft:azure_bluet":1,"mekanism:raw_tin":6,"sophisticatedbackpacks:diamond_backpack":1,"minecraft:oak_fence_gate":1,"minecraft:gunpowder":3,"minecraft:stone_brick_wall":1,"comforts:sleeping_bag_white":2,"minecraft:arrow":3,"minecraft:beef":14,"minecraft:ghast_tear":1,"minecraft:netherrack":14,"minecraft:egg":1,"mekanism:fluorite_gem":7,"minecraft:wheat_seeds":1,"minecraft:oak_fence":3,"mutantmonsters:mutant_skeleton_boots":1,"minecraft:feather":1,"minecraft:cobblestone":143,"minecraft:spruce_button":1,"mekanismtools:stone_paxel":1,"minecraft:stick":59,"minecraft:ink_sac":2,"minecraft:torch":15,"minecraft:wooden_hoe":2,"minecraft:oak_stairs":1,"minecraft:bucket":1,"minecraft:dandelion":2,"minecraft:kelp":102,"minecraft:nether_wart":2,"minecraft:raw_copper":7,"minecraft:raw_iron":5,"minecraft:clay_ball":5,"minecraft:stripped_oak_log":1,"sophisticatedbackpacks:backpack":1,"minecraft:pumpkin_seeds":1,"mutantmonsters:mutant_skeleton_chestplate":1,"mekanismtools:osmium_chestplate":1,"minecraft:stone":1,"minecraft:spruce_trapdoor":1,"mutantmonsters:mutant_skeleton_limb":6,"minecraft:andesite":82,"minecraft:wooden_shovel":2,"mutantmonsters:mutant_skeleton_leggings":1,"minecraft:spider_eye":2,"minecraft:bow":9,"minecraft:magma_block":4,"mutantmonsters:mutant_skeleton_rib":2,"mutantmonsters:mutant_skeleton_skull":2},"minecraft:used":{"minecraft:moss_block":13,"minecraft:moss_carpet":1,"minecraft:spruce_slab":47,"minecraft:oak_sign":4,"minecraft:axolotl_spawn_egg":15,"minecraft:chest":6,"minecraft:stone":14,"minecraft:rotten_flesh":22,"minecraft:soul_sand":1,"mekanismtools:osmium_sword":44,"minecraft:carrot":58,"minecraft:axolotl_bucket":5,"minecraft:big_dripleaf":5,"minecraft:lava_bucket":3,"minecraft:lantern":8,"minecraft:grass_block":29,"minecraft:stone_bricks":28,"minecraft:bow":13,"minecraft:hay_block":1,"minecraft:furnace":7,"minecraft:egg":8,"minecraft:potato":24,"minecraft:oak_chest_boat":2,"alexsmobs:raw_catfish":10,"minecraft:cow_spawn_egg":10,"minecraft:oak_planks":104,"minecraft:oak_leaves":47,"minecraft:golden_apple":1,"minecraft:glow_berries":20,"minecraft:stone_brick_wall":12,"minecraft:bread":10,"mekanismtools:iron_paxel":1177,"mutantmonsters:mutant_skeleton_boots":1,"minecraft:andesite":19,"minecraft:oak_boat":2,"minecraft:bone_meal":151,"minecraft:azalea":1,"minecraft:oak_fence":111,"minecraft:stone_sword":60,"minecraft:flint_and_steel":40,"alexsmobs:flying_fish_bucket":1,"minecraft:spruce_planks":151,"minecraft:wooden_shovel":65,"minecraft:cooked_chicken":1,"minecraft:netherrack":21,"minecraft:torch":575,"minecraft:dirt":236,"minecraft:spruce_stairs":62,"minecraft:salmon_bucket":1,"minecraft:oak_fence_gate":25,"minecraft:shroomlight":5,"alexsmobs:maggot":3,"minecraft:flowering_azalea":7,"minecraft:oak_stairs":38,"minecraft:spruce_button":16,"minecraft:beef":11,"comforts:sleeping_bag_white":16,"minecraft:cooked_beef":79,"minecraft:cobbled_deepslate":7,"minecraft:wheat_seeds":71,"minecraft:water_bucket":78,"minecraft:birch_boat":1,"mekanismtools:stone_paxel":721,"minecraft:cobblestone_slab":44,"minecraft:salmon":1,"minecraft:crafting_table":14,"minecraft:red_bed":2,"minecraft:campfire":67,"minecraft:oak_log":142,"minecraft:wooden_hoe":71,"minecraft:oak_button":1,"minecraft:iron_pickaxe":123,"minecraft:spruce_trapdoor":18,"minecraft:stone_axe":1,"minecraft:cobblestone":554,"minecraft:cooked_porkchop":4,"minecraft:bucket":35,"minecraft:glass_pane":8,"minecraft:yellow_bed":1,"minecraft:stripped_oak_log":49,"minecraft:kelp":25},"minecraft:killed_by":{"mutantmonsters:mutant_creeper":1},"minecraft:broken":{"mekanismtools:stone_paxel":3,"minecraft:flint_and_steel":1,"minecraft:iron_helmet":1,"mekanismtools:iron_paxel":2},"minecraft:picked_up":{"minecraft:iron_chestplate":2,"minecraft:wheat":42,"mutantmonsters:mutant_skeleton_skull":3,"minecraft:soul_soil":11,"minecraft:string":41,"minecraft:raw_copper":29,"minecraft:iron_leggings":3,"minecraft:shroomlight":8,"minecraft:oak_sign":3,"minecraft:gold_nugget":34,"minecraft:cobbled_deepslate":28,"minecraft:bucket":1,"comforts:sleeping_bag_white":17,"minecraft:spruce_planks":1,"minecraft:cobblestone_slab":14,"minecraft:azalea":7,"hangglider:hang_glider":1,"minecraft:iron_boots":2,"minecraft:furnace":6,"minecraft:stick":53,"minecraft:big_dripleaf":39,"minecraft:oak_fence":3,"minecraft:torch":163,"minecraft:porkchop":4,"mekanism:raw_tin":5,"mutantmonsters:mutant_skeleton_pelvis":1,"minecraft:rotten_flesh":50,"mekanism:ingot_osmium":58,"mutantmonsters:mutant_skeleton_shoulder_pad":3,"minecraft:cobblestone":1735,"minecraft:birch_log":13,"minecraft:magma_block":8,"minecraft:feather":3,"minecraft:cooked_beef":5,"minecraft:water_bucket":1,"minecraft:andesite":110,"minecraft:potato":51,"minecraft:dirt":362,"mekanismtools:iron_paxel":1,"minecraft:bone":78,"minecraft:bow":10,"minecraft:wheat_seeds":156,"minecraft:moss_block":21,"minecraft:oak_planks":15,"minecraft:ghast_tear":1,"wardrobe:hardened_leather":6,"mekanismtools:osmium_chestplate":1,"mekanismtools:stone_paxel":1,"minecraft:ink_sac":2,"mutantmonsters:mutant_skeleton_leggings":1,"alexsmobs:animal_dictionary":6,"mekanism:digital_miner":1,"minecraft:diamond":9,"minecraft:bone_meal":2,"minecraft:bread":18,"alexsmobs:maggot":3,"minecraft:rooted_dirt":19,"minecraft:oak_sapling":6,"minecraft:netherrack":35,"mekanismtools:osmium_paxel":1,"minecraft:crafting_table":7,"minecraft:azure_bluet":1,"minecraft:nether_wart":2,"minecraft:chicken":2,"minecraft:ladder":12,"minecraft:clay_ball":136,"minecraft:brown_mushroom":1,"minecraft:red_bed":2,"minecraft:moss_carpet":2,"minecraft:flint_and_steel":1,"minecraft:blackstone":9,"minecraft:beef":80,"minecraft:sugar_cane":11,"minecraft:chest":2,"minecraft:egg":25,"minecraft:raw_iron":81,"minecraft:copper_ingot":4,"sophisticatedbackpacks:backpack":1,"minecraft:carrot":98,"minecraft:iron_horse_armor":1,"minecraft:arrow":55,"minecraft:weeping_vines":1,"minecraft:decorated_pot":1,"mutantmonsters:mutant_skeleton_rib":7,"minecraft:oak_chest_boat":1,"minecraft:gold_ingot":1,"minecraft:glow_berries":5,"minecraft:rail":1,"minecraft:bone_block":1,"minecraft:stripped_oak_log":1,"minecraft:air":0,"minecraft:glow_ink_sac":6,"minecraft:salmon":1,"minecraft:leather":40,"mutantmonsters:mutant_skeleton_chestplate":1,"minecraft:oak_log":98,"minecraft:golden_boots":1,"minecraft:yellow_bed":1,"minecraft:gunpowder":16,"mutantmonsters:mutant_skeleton_limb":14,"minecraft:wooden_hoe":5,"minecraft:stone_bricks":6,"minecraft:kelp":191,"minecraft:soul_sand":9,"minecraft:iron_sword":1,"minecraft:flowering_azalea":13,"sophisticatedbackpacks:diamond_backpack":1,"minecraft:birch_boat":1,"minecraft:dandelion":2,"minecraft:gravel":3,"mekanism:raw_osmium":40,"minecraft:spider_eye":3,"alexsmobs:raw_catfish":10,"minecraft:pumpkin_seeds":1,"minecraft:iron_helmet":2,"mekanism:fluorite_gem":21,"mutantmonsters:mutant_skeleton_boots":1,"minecraft:coal":35},"minecraft:killed":{"minecraft:spider":4,"minecraft:skeleton":39,"minecraft:chicken":2,"minecraft:axolotl":13,"minecraft:creeper":3,"alexsmobs:crimson_mosquito":1,"minecraft:zombie":20,"alexsmobs:fly":1,"minecraft:glow_squid":1,"mutantmonsters:mutant_creeper":1,"minecraft:cow":35,"mekanismadditions:baby_wither_skeleton":1,"mekanismadditions:baby_skeleton":2,"alexsmobs:catfish":4,"alexsmobs:cockroach":1,"minecraft:wither_skeleton":1},"minecraft:custom":{"minecraft:animals_bred":22,"minecraft:interact_with_crafting_table":59,"minecraft:open_barrel":12,"goblintraders:trade_with_goblin":2,"minecraft:leave_game":11,"minecraft:time_since_death":670184,"minecraft:sprint_one_cm":2013646,"minecraft:drop":159,"minecraft:play_time":853755,"minecraft:deaths":2,"minecraft:jump":13458,"minecraft:walk_on_water_one_cm":172262,"minecraft:interact_with_furnace":61,"minecraft:sleep_in_bed":45,"minecraft:damage_dealt":15365,"minecraft:crouch_one_cm":248580,"minecraft:horse_one_cm":402653,"minecraft:mob_kills":131,"minecraft:interact_with_campfire":6,"minecraft:climb_one_cm":45426,"minecraft:walk_one_cm":1895315,"minecraft:damage_dealt_absorbed":80,"minecraft:sneak_time":71483,"minecraft:walk_under_water_one_cm":110416,"minecraft:boat_one_cm":457416,"minecraft:total_world_time":853755,"minecraft:interact_with_grindstone":1,"minecraft:time_since_rest":4808,"minecraft:damage_taken":6253,"minecraft:damage_absorbed":40,"minecraft:swim_one_cm":224529,"minecraft:fly_one_cm":3285548,"minecraft:open_chest":117,"minecraft:fall_one_cm":351716},"minecraft:mined":{"minecraft:spruce_planks":1,"minecraft:cave_vines_plant":2,"minecraft:grass_block":206,"minecraft:soul_soil":11,"minecraft:weeping_vines_plant":1,"minecraft:tall_seagrass":3,"minecraft:magma_block":12,"minecraft:iron_ore":57,"minecraft:fire":3,"minecraft:moss_carpet":1,"minecraft:cave_vines":5,"minecraft:azalea":2,"mekanism:osmium_ore":40,"minecraft:brown_mushroom":1,"minecraft:red_bed":2,"minecraft:blackstone":11,"minecraft:kelp_plant":18,"minecraft:clay":15,"minecraft:torch":10,"minecraft:chest":2,"mekanism:tin_ore":4,"minecraft:glass":1,"minecraft:cobblestone":197,"minecraft:sugar_cane":6,"minecraft:oak_planks":9,"minecraft:wall_torch":83,"minecraft:seagrass":1,"minecraft:birch_log":13,"minecraft:wheat":44,"minecraft:grass":66,"minecraft:oak_log":24,"minecraft:dirt":95,"minecraft:netherrack":77,"minecraft:oak_leaves":1,"minecraft:deepslate":25,"minecraft:nether_gold_ore":9,"minecraft:diamond_ore":1,"minecraft:deepslate_diamond_ore":11,"mekanism:deepslate_osmium_ore":3,"minecraft:glow_lichen":1,"minecraft:decorated_pot":1,"minecraft:kelp":1,"minecraft:moss_block":9,"minecraft:rooted_dirt":19,"minecraft:spore_blossom":1,"minecraft:furnace":6,"minecraft:carrots":30,"minecraft:andesite":54,"minecraft:big_dripleaf_stem":2,"minecraft:potatoes":9,"minecraft:cobblestone_slab":14,"minecraft:deepslate_iron_ore":25,"minecraft:shroomlight":8,"minecraft:stripped_oak_log":1,"minecraft:stone":464,"minecraft:podzol":1,"minecraft:flowering_azalea":8,"minecraft:soul_sand":9,"minecraft:dandelion":2,"minecraft:oak_fence":1,"minecraft:crafting_table":7,"minecraft:tall_grass":5,"minecraft:copper_ore":7,"minecraft:big_dripleaf":4,"minecraft:birch_leaves":4,"minecraft:bee_nest":1,"minecraft:yellow_bed":1,"minecraft:coal_ore":34,"mekanism:deepslate_fluorite_ore":3,"minecraft:cobweb":32,"minecraft:stone_bricks":6}},"DataVersion":3465}