{"stats":{"minecraft:crafted":{"minecraft:stick":8,"minecraft:wooden_pickaxe":3},"minecraft:custom":{"minecraft:jump":152,"minecraft:time_since_rest":31723,"minecraft:crouch_one_cm":1935,"minecraft:leave_game":5,"minecraft:play_time":31723,"minecraft:sprint_one_cm":10645,"minecraft:damage_taken":40,"minecraft:time_since_death":31723,"minecraft:walk_one_cm":35613,"minecraft:sneak_time":710,"minecraft:total_world_time":31723,"minecraft:interact_with_anvil":2,"minecraft:interact_with_crafting_table":7,"minecraft:fall_one_cm":5870,"minecraft:fly_one_cm":84617},"minecraft:used":{"minecraft:oak_fence":10,"alexsmobs:spawn_egg_raccoon":2,"minecraft:anvil":1,"minecraft:crafting_table":3},"minecraft:picked_up":{"minecraft:crafting_table":2},"minecraft:mined":{"minecraft:crafting_table":2}},"DataVersion":3465}