{"stats":{"minecraft:used":{"minecraft:moss_block":5,"minecraft:decorated_pot":2,"minecraft:shield":3,"minecraft:iron_sword":159,"minecraft:bell":5,"minecraft:cooked_chicken":11,"minecraft:rotten_flesh":1,"minecraft:torch":24,"minecraft:dirt":47,"minecraft:mutton":15,"minecraft:allium":1,"minecraft:wooden_axe":38,"alexsmobs:maggot":3,"minecraft:cyan_terracotta":1,"minecraft:birch_sapling":3,"minecraft:stone_bricks":2,"minecraft:sweet_berries":22,"minecraft:oak_sapling":1,"minecraft:furnace":2,"minecraft:egg":7,"comforts:sleeping_bag_white":14,"minecraft:cooked_beef":5,"minecraft:potato":14,"minecraft:calcite":2,"minecraft:wheat_seeds":2,"minecraft:cooked_mutton":1,"minecraft:wooden_pickaxe":3,"minecraft:oak_leaves":1,"minecraft:crafting_table":8,"minecraft:oak_log":1,"minecraft:apple":2,"minecraft:chicken":6,"minecraft:bread":17,"minecraft:iron_pickaxe":104,"minecraft:gravel":10,"minecraft:cobblestone":6,"minecraft:purple_bed":1,"minecraft:porkchop":3,"minecraft:andesite":1,"minecraft:oak_boat":1,"minecraft:pumpkin_pie":2,"alexsmobs:animal_dictionary":2},"minecraft:custom":{"minecraft:interact_with_smithing_table":1,"minecraft:mob_kills":55,"minecraft:interact_with_crafting_table":12,"minecraft:bell_ring":145,"minecraft:damage_dealt_resisted":259,"minecraft:leave_game":8,"minecraft:time_since_death":15897,"minecraft:climb_one_cm":4932,"minecraft:sprint_one_cm":615494,"minecraft:walk_one_cm":694745,"minecraft:damage_blocked_by_shield":80,"minecraft:drop":75,"minecraft:damage_dealt_absorbed":80,"minecraft:play_time":355736,"minecraft:sneak_time":3182,"minecraft:deaths":8,"minecraft:walk_under_water_one_cm":36845,"minecraft:boat_one_cm":149315,"minecraft:jump":5261,"minecraft:interact_with_blast_furnace":1,"minecraft:walk_on_water_one_cm":48541,"minecraft:total_world_time":355736,"minecraft:interact_with_furnace":13,"minecraft:interact_with_stonecutter":1,"minecraft:sleep_in_bed":18,"minecraft:time_since_rest":15962,"minecraft:damage_taken":3945,"minecraft:damage_dealt":6906,"minecraft:player_kills":1,"minecraft:swim_one_cm":143185,"minecraft:fly_one_cm":1183656,"minecraft:open_chest":23,"minecraft:crouch_one_cm":11711,"minecraft:fall_one_cm":169843},"minecraft:picked_up":{"minecraft:wooden_axe":3,"minecraft:crafting_table":3,"minecraft:allium":1,"minecraft:chicken":14,"minecraft:stone_slab":2,"minecraft:wooden_pickaxe":4,"minecraft:stone_brick_wall":6,"minecraft:shield":2,"minecraft:string":22,"minecraft:iron_shovel":4,"minecraft:blue_orchid":3,"minecraft:spruce_planks":24,"comforts:sleeping_bag_white":17,"minecraft:beef":8,"minecraft:oak_boat":1,"minecraft:calcite":2,"minecraft:iron_nugget":2,"minecraft:iron_pickaxe":3,"minecraft:birch_sapling":3,"minecraft:furnace":3,"minecraft:egg":7,"minecraft:stick":11,"minecraft:raw_iron":9,"minecraft:torch":11,"sophisticatedbackpacks:backpack":1,"minecraft:porkchop":6,"mekanism:raw_tin":8,"minecraft:arrow":4,"minecraft:rotten_flesh":19,"minecraft:decorated_pot":3,"minecraft:peony":1,"minecraft:hay_block":2,"minecraft:cyan_terracotta":2,"minecraft:mutton":27,"minecraft:white_wool":22,"minecraft:cobblestone":28,"minecraft:oxeye_daisy":2,"minecraft:birch_log":6,"minecraft:feather":10,"minecraft:andesite":2,"minecraft:leather":31,"minecraft:potato":13,"minecraft:oak_log":15,"minecraft:gunpowder":12,"minecraft:dirt":60,"minecraft:map":1,"minecraft:paper":4,"minecraft:blue_bed":1,"minecraft:leather_boots":3,"minecraft:coast_armor_trim_smithing_template":4,"minecraft:bone":6,"minecraft:apple":2,"minecraft:stone_bricks":4,"minecraft:wheat_seeds":20,"minecraft:bell":5,"minecraft:grindstone":3,"minecraft:iron_ingot":8,"minecraft:cooked_chicken":3,"minecraft:moss_block":5,"minecraft:iron_sword":4,"minecraft:oak_planks":66,"minecraft:sweet_berries":34,"minecraft:gravel":16,"minecraft:sand":16,"minecraft:spruce_log":18,"minecraft:spider_eye":5,"alexsmobs:animal_dictionary":6,"minecraft:pumpkin_seeds":270,"minecraft:purple_bed":1,"minecraft:gray_wool":4,"minecraft:emerald":28,"minecraft:golden_horse_armor":3,"alexsmobs:maggot":3,"minecraft:oak_sapling":3,"minecraft:oak_leaves":1,"minecraft:coal":130,"minecraft:sunflower":1},"minecraft:killed_by":{"minecraft:player":4,"minecraft:drowned":1,"mekanismadditions:baby_skeleton":1,"minecraft:skeleton":1},"minecraft:broken":{"minecraft:wooden_axe":1},"minecraft:crafted":{"minecraft:oak_planks":56,"comforts:sleeping_bag_white":3,"minecraft:cooked_chicken":8,"minecraft:furnace":2,"minecraft:cooked_mutton":1,"minecraft:chest":1,"minecraft:cooked_beef":6,"sophisticatedbackpacks:backpack":1,"minecraft:crafting_table":6,"minecraft:spruce_planks":24,"minecraft:wooden_pickaxe":2,"minecraft:air":0,"minecraft:stick":8,"minecraft:wooden_axe":2,"minecraft:torch":20},"minecraft:mined":{"minecraft:attached_pumpkin_stem":1,"alexsmobs:skunk_spray":4,"minecraft:oak_sapling":1,"minecraft:allium":1,"minecraft:grass_block":35,"minecraft:stone_brick_wall":2,"minecraft:decorated_pot":3,"minecraft:spruce_leaves":4,"minecraft:moss_block":5,"minecraft:oxeye_daisy":1,"minecraft:large_fern":5,"minecraft:hay_block":1,"minecraft:furnace":1,"minecraft:iron_ore":3,"minecraft:fire":1,"minecraft:andesite":3,"minecraft:peony":1,"minecraft:bell":2,"minecraft:vine":1,"minecraft:oak_stairs":2,"minecraft:blue_orchid":1,"minecraft:stone":17,"minecraft:medium_amethyst_bud":1,"minecraft:crafting_table":2,"minecraft:torch":1,"minecraft:emerald_ore":1,"minecraft:calcite":2,"mekanism:tin_ore":2,"minecraft:cobblestone":12,"minecraft:tall_grass":21,"minecraft:grindstone":1,"minecraft:oak_planks":7,"minecraft:wall_torch":4,"minecraft:purple_bed":1,"minecraft:sweet_berry_bush":12,"minecraft:birch_leaves":11,"minecraft:pumpkin_stem":1,"minecraft:orange_tulip":1,"minecraft:bee_nest":1,"minecraft:stone_brick_stairs":1,"minecraft:grass":55,"minecraft:oak_log":15,"minecraft:coal_ore":54,"minecraft:gravel":7,"minecraft:dirt":21,"minecraft:stone_bricks":3,"minecraft:oak_leaves":12,"minecraft:fern":4},"minecraft:killed":{"minecraft:spider":4,"alexsmobs:seagull":2,"minecraft:skeleton":2,"minecraft:chicken":14,"minecraft:drowned":1,"minecraft:pig":2,"alexsmobs:seal":1,"minecraft:sheep":13,"alexsmobs:gelada_monkey":1,"minecraft:zombie":4,"alexsmobs:terrapin":2,"alexsmobs:fly":2,"minecraft:cow":5},"minecraft:dropped":{"minecraft:bread":4,"minecraft:wheat_seeds":1,"minecraft:feather":5,"minecraft:cobblestone":1,"minecraft:stick":5,"minecraft:oxeye_daisy":1,"minecraft:cyan_terracotta":1,"minecraft:dirt":11,"minecraft:gray_wool":2,"minecraft:torch":2,"minecraft:mutton":2,"minecraft:wooden_axe":1,"minecraft:map":1,"minecraft:sunflower":1,"minecraft:sand":16,"minecraft:iron_pickaxe":1,"minecraft:paper":4,"minecraft:iron_shovel":1,"minecraft:blue_bed":1,"minecraft:iron_nugget":2,"minecraft:rotten_flesh":16,"minecraft:grindstone":2,"minecraft:stone_slab":1,"minecraft:pumpkin_seeds":137,"minecraft:potato":4,"minecraft:hay_block":1,"minecraft:shield":1,"minecraft:gunpowder":4,"minecraft:leather_boots":1,"minecraft:stone_brick_wall":2,"minecraft:oak_sapling":1,"minecraft:spider_eye":2,"comforts:sleeping_bag_white":3,"minecraft:arrow":2,"minecraft:blue_orchid":1,"minecraft:wooden_pickaxe":2}},"DataVersion":3465}