{"stats":{"minecraft:killed_by":{"minecraft:player":2,"minecraft:skeleton":1,"minecraft:zombie":2},"minecraft:crafted":{"minecraft:oak_planks":48,"mekanismtools:iron_paxel":1,"comforts:sleeping_bag_white":1,"minecraft:furnace":2,"minecraft:stone":115,"minecraft:iron_axe":1,"minecraft:chest":2,"minecraft:stone_bricks":100,"minecraft:wooden_shovel":1,"minecraft:crafting_table":2,"minecraft:air":0,"minecraft:iron_ingot":1,"minecraft:stick":8,"minecraft:iron_pickaxe":1,"minecraft:iron_shovel":1,"minecraft:torch":16},"minecraft:mined":{"alexsmobs:skunk_spray":1,"minecraft:spruce_planks":3,"minecraft:candle":1,"minecraft:allium":1,"minecraft:grass_block":313,"minecraft:oak_wall_sign":1,"minecraft:hay_block":1,"minecraft:barrel":1,"minecraft:andesite":39,"minecraft:target":1,"minecraft:oak_sign":1,"minecraft:oak_stairs":23,"minecraft:stripped_oak_log":1,"minecraft:stone":193,"minecraft:spruce_slab":5,"minecraft:scaffolding":4,"minecraft:red_bed":2,"minecraft:amethyst_cluster":1,"minecraft:crafting_table":1,"minecraft:melon":1,"mekanism:tin_ore":1,"minecraft:tall_grass":1,"minecraft:cobblestone":2,"minecraft:lapis_ore":2,"minecraft:oak_planks":19,"minecraft:wall_torch":1,"minecraft:birch_log":19,"minecraft:wheat":1,"minecraft:birch_leaves":30,"minecraft:yellow_bed":1,"minecraft:grass":20,"minecraft:oak_log":93,"minecraft:coal_ore":35,"minecraft:gravel":18,"minecraft:dirt":51,"minecraft:brown_candle":1,"minecraft:stone_bricks":2,"minecraft:oak_leaves":2},"minecraft:used":{"minecraft:oak_fence":38,"minecraft:flint_and_steel":259,"minecraft:spruce_slab":10,"minecraft:oak_sign":1,"minecraft:chest":9,"minecraft:spruce_planks":252,"minecraft:stone":18,"minecraft:wooden_shovel":59,"minecraft:torch":109,"minecraft:dirt":231,"minecraft:target":1,"minecraft:mutton":3,"mekanismtools:osmium_sword":6,"minecraft:lantern":2,"minecraft:grass_block":459,"minecraft:oak_stairs":58,"minecraft:stone_bricks":339,"minecraft:golden_sword":6,"minecraft:beef":3,"minecraft:furnace":5,"minecraft:oak_sapling":11,"comforts:sleeping_bag_white":6,"minecraft:cooked_beef":19,"minecraft:potato":4,"minecraft:oak_planks":289,"minecraft:tnt":1,"minecraft:crafting_table":3,"minecraft:red_bed":2,"minecraft:oak_log":356,"minecraft:apple":2,"mekanismtools:osmium_shield":1,"minecraft:melon_slice":3,"minecraft:bread":4,"mekanismtools:iron_paxel":677,"minecraft:spruce_sapling":8,"minecraft:gravel":8,"minecraft:cobblestone":148,"minecraft:birch_log":13,"minecraft:andesite":15,"minecraft:yellow_bed":1,"minecraft:stripped_oak_log":27,"minecraft:oak_hanging_sign":1,"minecraft:candle":4,"minecraft:bone_meal":114},"minecraft:killed":{"minecraft:skeleton":3,"minecraft:creeper":1,"minecraft:sheep":3,"minecraft:zombie":2,"alexsmobs:terrapin":3,"alexsmobs:crow":1},"minecraft:custom":{"minecraft:mob_kills":14,"minecraft:interact_with_crafting_table":12,"minecraft:open_barrel":2,"minecraft:leave_game":5,"minecraft:time_since_death":658,"minecraft:climb_one_cm":3918,"minecraft:sprint_one_cm":641245,"minecraft:walk_one_cm":879693,"minecraft:damage_blocked_by_shield":140,"minecraft:drop":18,"minecraft:talked_to_villager":3,"minecraft:play_time":277445,"minecraft:deaths":5,"minecraft:sneak_time":16467,"minecraft:walk_under_water_one_cm":14188,"minecraft:jump":4781,"minecraft:walk_on_water_one_cm":20741,"minecraft:total_world_time":277445,"minecraft:interact_with_furnace":22,"minecraft:sleep_in_bed":15,"minecraft:time_since_rest":702,"minecraft:damage_taken":2517,"minecraft:damage_dealt":2091,"minecraft:swim_one_cm":69857,"minecraft:fly_one_cm":1069003,"minecraft:open_chest":36,"minecraft:crouch_one_cm":62491,"minecraft:fall_one_cm":119568},"minecraft:picked_up":{"minecraft:crafting_table":3,"minecraft:allium":6,"minecraft:azure_bluet":4,"minecraft:oak_stairs":87,"minecraft:golden_sword":2,"minecraft:string":6,"minecraft:red_bed":2,"minecraft:oak_sign":2,"minecraft:candle":4,"minecraft:cobbled_deepslate":20,"comforts:sleeping_bag_white":8,"minecraft:spruce_planks":2,"minecraft:beef":3,"minecraft:wooden_shovel":2,"minecraft:iron_nugget":20,"minecraft:poppy":2,"minecraft:spruce_slab":10,"minecraft:melon_slice":3,"minecraft:birch_sapling":3,"minecraft:furnace":1,"minecraft:stick":6,"minecraft:stone":1,"minecraft:torch":83,"minecraft:target":1,"mekanism:raw_tin":2,"minecraft:arrow":10,"minecraft:hay_block":2,"minecraft:saddle":1,"minecraft:mutton":3,"minecraft:obsidian":1,"minecraft:white_wool":3,"minecraft:cobblestone":220,"minecraft:stripped_oak_log":1,"minecraft:birch_log":27,"minecraft:cooked_beef":25,"minecraft:andesite":32,"minecraft:leather":2,"mekanismtools:osmium_sword":2,"minecraft:flint":9,"minecraft:oak_log":271,"minecraft:yellow_bed":1,"minecraft:gunpowder":8,"minecraft:lapis_lazuli":13,"minecraft:dirt":493,"minecraft:lantern":15,"mekanismtools:iron_paxel":6,"minecraft:bone":5,"minecraft:apple":1,"minecraft:stone_bricks":62,"minecraft:wheat_seeds":8,"minecraft:iron_ingot":8,"minecraft:cobweb":2,"minecraft:glass_bottle":4,"minecraft:oak_planks":48,"minecraft:book":44,"minecraft:scaffolding":6,"minecraft:dandelion":1,"minecraft:gravel":18,"minecraft:amethyst_shard":4,"alexsmobs:animal_dictionary":1,"minecraft:barrel":3,"minecraft:spectral_arrow":1,"mekanismtools:osmium_shield":1,"minecraft:golden_apple":1,"minecraft:emerald":6,"minecraft:oak_sapling":20,"minecraft:coal":50},"minecraft:broken":{"minecraft:wooden_shovel":1,"minecraft:flint_and_steel":1,"mekanismtools:iron_paxel":1},"minecraft:dropped":{"minecraft:cooked_beef":9,"minecraft:spectral_arrow":5,"minecraft:coal":4,"minecraft:amethyst_shard":1,"mekanismtools:iron_paxel":2,"mekanismtools:osmium_shield":1,"minecraft:birch_sapling":1,"minecraft:oak_sign":1,"minecraft:flint_and_steel":1,"minecraft:spruce_planks":1,"minecraft:chest":1,"minecraft:stone_bricks":1}},"DataVersion":3465}