{"stats":{"minecraft:used":{"minecraft:moss_block":5,"minecraft:shield":3,"minecraft:iron_sword":121,"minecraft:bell":5,"minecraft:cooked_chicken":11,"minecraft:rotten_flesh":1,"minecraft:torch":15,"minecraft:dirt":10,"minecraft:mutton":14,"minecraft:allium":1,"minecraft:wooden_axe":29,"alexsmobs:maggot":1,"minecraft:birch_sapling":2,"minecraft:sweet_berries":8,"minecraft:oak_sapling":1,"minecraft:furnace":2,"minecraft:egg":5,"comforts:sleeping_bag_white":9,"minecraft:cooked_beef":5,"minecraft:potato":14,"minecraft:calcite":2,"minecraft:wheat_seeds":2,"minecraft:cooked_mutton":1,"minecraft:wooden_pickaxe":3,"minecraft:oak_leaves":1,"minecraft:crafting_table":7,"minecraft:oak_log":1,"minecraft:apple":1,"minecraft:chicken":3,"minecraft:bread":17,"minecraft:iron_pickaxe":82,"minecraft:gravel":1,"minecraft:porkchop":3,"minecraft:oak_boat":1,"minecraft:pumpkin_pie":2,"alexsmobs:animal_dictionary":2},"minecraft:dropped":{"minecraft:bread":4,"minecraft:wheat_seeds":1,"minecraft:feather":4,"minecraft:cobblestone":1,"minecraft:stick":4,"minecraft:oxeye_daisy":1,"minecraft:dirt":4,"minecraft:torch":2,"minecraft:mutton":2,"minecraft:wooden_axe":1,"minecraft:map":1,"minecraft:sunflower":1,"minecraft:sand":16,"minecraft:iron_pickaxe":1,"minecraft:iron_shovel":1,"minecraft:paper":4,"minecraft:blue_bed":1,"minecraft:iron_nugget":2,"minecraft:rotten_flesh":12,"minecraft:grindstone":2,"minecraft:pumpkin_seeds":73,"minecraft:potato":4,"minecraft:hay_block":1,"minecraft:shield":1,"minecraft:gunpowder":2,"minecraft:oak_sapling":1,"minecraft:spider_eye":1,"comforts:sleeping_bag_white":3,"minecraft:arrow":2,"minecraft:wooden_pickaxe":2},"minecraft:killed_by":{"minecraft:player":4,"mekanismadditions:baby_skeleton":1},"minecraft:mined":{"minecraft:attached_pumpkin_stem":1,"minecraft:oak_sapling":1,"minecraft:allium":1,"minecraft:grass_block":15,"minecraft:stone_brick_wall":2,"minecraft:spruce_leaves":4,"minecraft:moss_block":5,"minecraft:oxeye_daisy":1,"minecraft:large_fern":5,"minecraft:hay_block":1,"minecraft:furnace":1,"minecraft:iron_ore":3,"minecraft:fire":1,"minecraft:andesite":3,"minecraft:peony":1,"minecraft:bell":2,"minecraft:vine":1,"minecraft:oak_stairs":2,"minecraft:blue_orchid":1,"minecraft:stone":16,"minecraft:medium_amethyst_bud":1,"minecraft:crafting_table":2,"minecraft:emerald_ore":1,"minecraft:calcite":2,"mekanism:tin_ore":2,"minecraft:cobblestone":12,"minecraft:tall_grass":21,"minecraft:grindstone":1,"minecraft:oak_planks":7,"minecraft:wall_torch":1,"minecraft:sweet_berry_bush":11,"minecraft:birch_leaves":2,"minecraft:pumpkin_stem":1,"minecraft:orange_tulip":1,"minecraft:bee_nest":1,"minecraft:stone_brick_stairs":1,"minecraft:grass":55,"minecraft:oak_log":15,"minecraft:coal_ore":33,"minecraft:gravel":7,"minecraft:dirt":11,"minecraft:stone_bricks":3,"minecraft:oak_leaves":8,"minecraft:fern":4},"minecraft:crafted":{"minecraft:oak_planks":56,"comforts:sleeping_bag_white":3,"minecraft:cooked_chicken":8,"minecraft:furnace":2,"minecraft:cooked_mutton":1,"minecraft:cooked_beef":6,"minecraft:crafting_table":5,"minecraft:wooden_pickaxe":2,"minecraft:air":0,"minecraft:stick":8,"minecraft:wooden_axe":2,"minecraft:torch":16},"minecraft:picked_up":{"minecraft:wooden_axe":1,"minecraft:crafting_table":3,"minecraft:allium":1,"minecraft:chicken":11,"minecraft:wooden_pickaxe":2,"minecraft:stone_brick_wall":2,"minecraft:shield":2,"minecraft:string":8,"minecraft:iron_shovel":1,"minecraft:blue_orchid":1,"comforts:sleeping_bag_white":10,"minecraft:beef":8,"minecraft:oak_boat":1,"minecraft:calcite":2,"minecraft:iron_nugget":2,"minecraft:iron_pickaxe":1,"minecraft:birch_sapling":2,"minecraft:furnace":1,"minecraft:egg":5,"minecraft:stick":9,"minecraft:raw_iron":3,"minecraft:torch":1,"minecraft:porkchop":6,"mekanism:raw_tin":2,"minecraft:rotten_flesh":13,"minecraft:arrow":2,"minecraft:peony":1,"minecraft:hay_block":2,"minecraft:mutton":23,"minecraft:white_wool":14,"minecraft:cobblestone":22,"minecraft:oxeye_daisy":2,"minecraft:birch_log":2,"minecraft:feather":4,"minecraft:andesite":1,"minecraft:leather":13,"minecraft:potato":13,"minecraft:oak_log":15,"minecraft:gunpowder":6,"minecraft:paper":4,"minecraft:map":1,"minecraft:dirt":14,"minecraft:blue_bed":1,"minecraft:leather_boots":1,"minecraft:bone":6,"minecraft:apple":2,"minecraft:stone_bricks":2,"minecraft:wheat_seeds":12,"minecraft:bell":5,"minecraft:grindstone":3,"minecraft:iron_ingot":4,"minecraft:cooked_chicken":3,"minecraft:moss_block":5,"minecraft:iron_sword":1,"minecraft:oak_planks":30,"minecraft:sweet_berries":34,"minecraft:gravel":7,"minecraft:sand":16,"minecraft:spruce_log":6,"alexsmobs:animal_dictionary":5,"minecraft:spider_eye":2,"minecraft:pumpkin_seeds":142,"minecraft:gray_wool":1,"minecraft:emerald":2,"minecraft:golden_horse_armor":1,"alexsmobs:maggot":1,"minecraft:oak_sapling":3,"minecraft:oak_leaves":1,"minecraft:coal":33,"minecraft:sunflower":1},"minecraft:killed":{"minecraft:spider":3,"minecraft:chicken":11,"minecraft:pig":2,"alexsmobs:seal":1,"minecraft:sheep":13,"alexsmobs:gelada_monkey":1,"minecraft:zombie":2,"alexsmobs:terrapin":1,"alexsmobs:fly":1,"minecraft:cow":5},"minecraft:custom":{"minecraft:interact_with_smithing_table":1,"minecraft:mob_kills":42,"minecraft:interact_with_crafting_table":10,"minecraft:bell_ring":144,"minecraft:leave_game":4,"minecraft:time_since_death":102935,"minecraft:climb_one_cm":1034,"minecraft:sprint_one_cm":503525,"minecraft:walk_one_cm":405029,"minecraft:damage_blocked_by_shield":80,"minecraft:drop":57,"minecraft:play_time":197830,"minecraft:deaths":5,"minecraft:sneak_time":2278,"minecraft:walk_under_water_one_cm":19708,"minecraft:boat_one_cm":149315,"minecraft:jump":4079,"minecraft:interact_with_blast_furnace":1,"minecraft:walk_on_water_one_cm":34355,"minecraft:total_world_time":197830,"minecraft:interact_with_furnace":13,"minecraft:interact_with_stonecutter":1,"minecraft:sleep_in_bed":13,"minecraft:time_since_rest":26,"minecraft:damage_taken":3146,"minecraft:damage_dealt":5210,"minecraft:swim_one_cm":103841,"minecraft:fly_one_cm":977135,"minecraft:player_kills":1,"minecraft:open_chest":19,"minecraft:crouch_one_cm":8523,"minecraft:fall_one_cm":138860}},"DataVersion":3465}