{"stats":{"minecraft:picked_up":{"minecraft:birch_log":27,"minecraft:crafting_table":2,"minecraft:allium":6,"minecraft:cooked_beef":9,"minecraft:andesite":13,"minecraft:leather":2,"minecraft:flint":7,"minecraft:oak_log":229,"minecraft:golden_sword":2,"minecraft:gunpowder":8,"minecraft:lapis_lazuli":13,"minecraft:string":6,"minecraft:dirt":305,"minecraft:lantern":9,"mekanismtools:iron_paxel":5,"minecraft:bone":5,"minecraft:apple":1,"minecraft:wheat_seeds":8,"minecraft:cobbled_deepslate":20,"comforts:sleeping_bag_white":8,"minecraft:spruce_planks":1,"minecraft:iron_ingot":7,"minecraft:beef":3,"minecraft:cobweb":2,"minecraft:iron_nugget":20,"minecraft:wooden_shovel":2,"minecraft:glass_bottle":4,"minecraft:spruce_slab":2,"minecraft:melon_slice":3,"minecraft:birch_sapling":3,"minecraft:oak_planks":3,"minecraft:book":44,"minecraft:scaffolding":6,"minecraft:stick":6,"minecraft:torch":19,"minecraft:dandelion":1,"minecraft:gravel":11,"minecraft:amethyst_shard":4,"minecraft:target":1,"mekanism:raw_tin":1,"minecraft:barrel":3,"alexsmobs:animal_dictionary":1,"minecraft:arrow":10,"minecraft:hay_block":2,"minecraft:golden_apple":1,"minecraft:saddle":1,"minecraft:emerald":6,"minecraft:oak_sapling":18,"minecraft:obsidian":1,"minecraft:mutton":3,"minecraft:coal":46,"minecraft:white_wool":3,"minecraft:cobblestone":186},"minecraft:dropped":{"minecraft:birch_sapling":1,"minecraft:spruce_planks":1,"minecraft:amethyst_shard":1,"mekanismtools:iron_paxel":2},"minecraft:used":{"minecraft:flint_and_steel":64,"minecraft:spruce_slab":2,"minecraft:chest":2,"minecraft:wooden_shovel":59,"minecraft:torch":17,"minecraft:dirt":145,"minecraft:target":1,"minecraft:mutton":3,"minecraft:crafting_table":3,"minecraft:oak_log":31,"minecraft:apple":2,"minecraft:melon_slice":3,"minecraft:bread":4,"mekanismtools:iron_paxel":564,"minecraft:gravel":7,"minecraft:golden_sword":6,"minecraft:cobblestone":3,"minecraft:beef":3,"minecraft:furnace":2,"minecraft:oak_sapling":6,"minecraft:birch_log":13,"minecraft:andesite":4,"comforts:sleeping_bag_white":6,"minecraft:cooked_beef":9,"minecraft:potato":4},"minecraft:crafted":{"minecraft:oak_planks":48,"mekanismtools:iron_paxel":1,"minecraft:wooden_shovel":1,"minecraft:crafting_table":2,"comforts:sleeping_bag_white":1,"minecraft:furnace":2,"minecraft:stone":20,"minecraft:air":0,"minecraft:iron_axe":1,"minecraft:stick":8,"minecraft:iron_pickaxe":1,"minecraft:chest":2,"minecraft:iron_shovel":1,"minecraft:torch":16,"minecraft:stone_bricks":12},"minecraft:broken":{"minecraft:wooden_shovel":1,"minecraft:flint_and_steel":1,"mekanismtools:iron_paxel":1},"minecraft:killed":{"minecraft:sheep":3,"minecraft:skeleton":3,"minecraft:zombie":2,"alexsmobs:crow":1},"minecraft:killed_by":{"minecraft:player":1,"minecraft:skeleton":1,"minecraft:zombie":1},"minecraft:mined":{"alexsmobs:skunk_spray":1,"minecraft:scaffolding":4,"minecraft:spruce_planks":2,"minecraft:amethyst_cluster":1,"minecraft:crafting_table":1,"minecraft:allium":1,"minecraft:grass_block":245,"minecraft:melon":1,"mekanism:tin_ore":1,"minecraft:tall_grass":1,"minecraft:lapis_ore":2,"minecraft:hay_block":1,"minecraft:birch_log":19,"minecraft:barrel":1,"minecraft:wheat":1,"minecraft:andesite":13,"minecraft:birch_leaves":30,"minecraft:target":1,"minecraft:grass":18,"minecraft:oak_log":92,"minecraft:coal_ore":31,"minecraft:gravel":12,"minecraft:dirt":37,"minecraft:stone":178,"minecraft:spruce_slab":1,"minecraft:oak_leaves":2},"minecraft:custom":{"minecraft:interact_with_furnace":10,"minecraft:mob_kills":10,"minecraft:interact_with_crafting_table":8,"minecraft:open_barrel":2,"minecraft:leave_game":3,"minecraft:time_since_death":381,"minecraft:sleep_in_bed":6,"minecraft:climb_one_cm":448,"minecraft:time_since_rest":445,"minecraft:sprint_one_cm":276614,"minecraft:damage_taken":1415,"minecraft:walk_one_cm":350600,"minecraft:drop":5,"minecraft:damage_dealt":1541,"minecraft:swim_one_cm":29186,"minecraft:talked_to_villager":3,"minecraft:fly_one_cm":511146,"minecraft:open_chest":12,"minecraft:crouch_one_cm":18134,"minecraft:play_time":124561,"minecraft:deaths":3,"minecraft:sneak_time":6111,"minecraft:walk_under_water_one_cm":7025,"minecraft:jump":2583,"minecraft:walk_on_water_one_cm":5693,"minecraft:total_world_time":124561,"minecraft:fall_one_cm":84501}},"DataVersion":3465}