{"stats":{"minecraft:picked_up":{"minecraft:wooden_axe":2,"minecraft:crafting_table":3,"minecraft:allium":1,"minecraft:chicken":11,"minecraft:wooden_pickaxe":3,"minecraft:stone_brick_wall":4,"minecraft:shield":2,"minecraft:string":11,"minecraft:iron_shovel":2,"minecraft:blue_orchid":2,"comforts:sleeping_bag_white":11,"minecraft:beef":8,"minecraft:oak_boat":1,"minecraft:calcite":2,"minecraft:iron_nugget":2,"minecraft:iron_pickaxe":2,"minecraft:birch_sapling":2,"minecraft:furnace":2,"minecraft:egg":5,"minecraft:stick":11,"minecraft:raw_iron":6,"minecraft:torch":1,"minecraft:porkchop":6,"mekanism:raw_tin":4,"minecraft:rotten_flesh":17,"minecraft:arrow":2,"minecraft:peony":1,"minecraft:hay_block":2,"minecraft:cyan_terracotta":1,"minecraft:mutton":25,"minecraft:white_wool":18,"minecraft:cobblestone":27,"minecraft:oxeye_daisy":2,"minecraft:birch_log":4,"minecraft:feather":4,"minecraft:andesite":2,"minecraft:leather":22,"minecraft:potato":13,"minecraft:oak_log":15,"minecraft:gunpowder":8,"minecraft:paper":4,"minecraft:map":1,"minecraft:dirt":14,"minecraft:blue_bed":1,"minecraft:leather_boots":2,"minecraft:coast_armor_trim_smithing_template":2,"minecraft:bone":6,"minecraft:apple":2,"minecraft:stone_bricks":4,"minecraft:wheat_seeds":20,"minecraft:bell":5,"minecraft:grindstone":3,"minecraft:iron_ingot":8,"minecraft:cooked_chicken":3,"minecraft:moss_block":5,"minecraft:iron_sword":2,"minecraft:oak_planks":46,"minecraft:sweet_berries":34,"minecraft:gravel":12,"minecraft:sand":16,"minecraft:spruce_log":12,"alexsmobs:animal_dictionary":6,"minecraft:spider_eye":2,"minecraft:pumpkin_seeds":206,"minecraft:gray_wool":2,"minecraft:emerald":15,"minecraft:golden_horse_armor":2,"alexsmobs:maggot":1,"minecraft:oak_sapling":3,"minecraft:oak_leaves":1,"minecraft:coal":61,"minecraft:sunflower":1},"minecraft:killed":{"minecraft:spider":3,"minecraft:skeleton":1,"minecraft:chicken":11,"minecraft:pig":2,"alexsmobs:seal":1,"minecraft:sheep":13,"alexsmobs:gelada_monkey":1,"minecraft:zombie":3,"alexsmobs:terrapin":1,"alexsmobs:fly":1,"minecraft:cow":5},"minecraft:killed_by":{"minecraft:player":4,"mekanismadditions:baby_skeleton":1,"minecraft:skeleton":1},"minecraft:used":{"minecraft:moss_block":5,"minecraft:shield":3,"minecraft:iron_sword":132,"minecraft:bell":5,"minecraft:cooked_chicken":11,"minecraft:rotten_flesh":1,"minecraft:torch":15,"minecraft:dirt":10,"minecraft:mutton":14,"minecraft:allium":1,"minecraft:wooden_axe":32,"alexsmobs:maggot":1,"minecraft:birch_sapling":2,"minecraft:sweet_berries":22,"minecraft:oak_sapling":1,"minecraft:furnace":2,"minecraft:egg":5,"comforts:sleeping_bag_white":9,"minecraft:cooked_beef":5,"minecraft:potato":14,"minecraft:calcite":2,"minecraft:wheat_seeds":2,"minecraft:cooked_mutton":1,"minecraft:wooden_pickaxe":3,"minecraft:oak_leaves":1,"minecraft:crafting_table":7,"minecraft:oak_log":1,"minecraft:apple":2,"minecraft:chicken":3,"minecraft:bread":17,"minecraft:iron_pickaxe":82,"minecraft:gravel":1,"minecraft:porkchop":3,"minecraft:andesite":1,"minecraft:oak_boat":1,"minecraft:pumpkin_pie":2,"alexsmobs:animal_dictionary":2},"minecraft:mined":{"minecraft:attached_pumpkin_stem":1,"alexsmobs:skunk_spray":4,"minecraft:oak_sapling":1,"minecraft:allium":1,"minecraft:grass_block":15,"minecraft:stone_brick_wall":2,"minecraft:spruce_leaves":4,"minecraft:moss_block":5,"minecraft:oxeye_daisy":1,"minecraft:large_fern":5,"minecraft:hay_block":1,"minecraft:furnace":1,"minecraft:iron_ore":3,"minecraft:fire":1,"minecraft:andesite":3,"minecraft:peony":1,"minecraft:bell":2,"minecraft:vine":1,"minecraft:oak_stairs":2,"minecraft:blue_orchid":1,"minecraft:stone":16,"minecraft:medium_amethyst_bud":1,"minecraft:crafting_table":2,"minecraft:emerald_ore":1,"minecraft:calcite":2,"mekanism:tin_ore":2,"minecraft:cobblestone":12,"minecraft:tall_grass":21,"minecraft:grindstone":1,"minecraft:oak_planks":7,"minecraft:wall_torch":1,"minecraft:sweet_berry_bush":12,"minecraft:birch_leaves":11,"minecraft:pumpkin_stem":1,"minecraft:orange_tulip":1,"minecraft:bee_nest":1,"minecraft:stone_brick_stairs":1,"minecraft:grass":55,"minecraft:oak_log":15,"minecraft:coal_ore":33,"minecraft:gravel":7,"minecraft:dirt":11,"minecraft:stone_bricks":3,"minecraft:oak_leaves":12,"minecraft:fern":4},"minecraft:dropped":{"minecraft:bread":4,"minecraft:wheat_seeds":1,"minecraft:feather":4,"minecraft:cobblestone":1,"minecraft:stick":4,"minecraft:oxeye_daisy":1,"minecraft:dirt":4,"minecraft:torch":2,"minecraft:mutton":2,"minecraft:wooden_axe":1,"minecraft:map":1,"minecraft:sunflower":1,"minecraft:sand":16,"minecraft:iron_pickaxe":1,"minecraft:iron_shovel":1,"minecraft:paper":4,"minecraft:blue_bed":1,"minecraft:iron_nugget":2,"minecraft:rotten_flesh":12,"minecraft:grindstone":2,"minecraft:pumpkin_seeds":73,"minecraft:potato":4,"minecraft:hay_block":1,"minecraft:shield":1,"minecraft:gunpowder":2,"minecraft:oak_sapling":1,"minecraft:spider_eye":1,"comforts:sleeping_bag_white":3,"minecraft:arrow":2,"minecraft:wooden_pickaxe":2},"minecraft:custom":{"minecraft:interact_with_smithing_table":1,"minecraft:mob_kills":44,"minecraft:interact_with_crafting_table":10,"minecraft:bell_ring":145,"minecraft:damage_dealt_resisted":198,"minecraft:leave_game":6,"minecraft:time_since_death":7793,"minecraft:climb_one_cm":1034,"minecraft:sprint_one_cm":539422,"minecraft:walk_one_cm":463239,"minecraft:damage_blocked_by_shield":80,"minecraft:drop":57,"minecraft:damage_dealt_absorbed":40,"minecraft:play_time":286802,"minecraft:deaths":6,"minecraft:sneak_time":2461,"minecraft:walk_under_water_one_cm":19708,"minecraft:boat_one_cm":149315,"minecraft:jump":4426,"minecraft:interact_with_blast_furnace":1,"minecraft:walk_on_water_one_cm":34355,"minecraft:total_world_time":286802,"minecraft:interact_with_furnace":13,"minecraft:interact_with_stonecutter":1,"minecraft:sleep_in_bed":13,"minecraft:time_since_rest":7834,"minecraft:damage_taken":3460,"minecraft:damage_dealt":5627,"minecraft:swim_one_cm":103841,"minecraft:fly_one_cm":1031927,"minecraft:player_kills":1,"minecraft:open_chest":23,"minecraft:crouch_one_cm":8807,"minecraft:fall_one_cm":148328},"minecraft:crafted":{"minecraft:oak_planks":56,"comforts:sleeping_bag_white":3,"minecraft:cooked_chicken":8,"minecraft:furnace":2,"minecraft:cooked_mutton":1,"minecraft:cooked_beef":6,"minecraft:crafting_table":5,"minecraft:wooden_pickaxe":2,"minecraft:air":0,"minecraft:stick":8,"minecraft:wooden_axe":2,"minecraft:torch":16}},"DataVersion":3465}