{"stats":{"minecraft:used":{"minecraft:wooden_axe":16,"minecraft:stone_sword":1,"minecraft:stone_pickaxe":76,"minecraft:dried_kelp":17,"minecraft:wooden_pickaxe":4,"minecraft:stone_slab":1,"minecraft:stone_axe":3,"minecraft:torch":3,"minecraft:crafting_table":3,"minecraft:furnace":1,"alexsmobs:animal_dictionary":2,"minecraft:smoker":1},"minecraft:dropped":{"minecraft:wooden_axe":1,"minecraft:wooden_pickaxe":1},"minecraft:killed_by":{"alexsmobs:cachalot_whale":1},"minecraft:mined":{"minecraft:furnace":1,"minecraft:kelp_plant":21,"minecraft:birch_log":13,"minecraft:smoker":1,"minecraft:birch_leaves":2,"minecraft:crafting_table":3,"minecraft:calcite":1,"minecraft:coal_ore":32,"minecraft:stone_slab":1,"minecraft:stone":42,"minecraft:moss_block":2,"minecraft:kelp":1},"minecraft:crafted":{"minecraft:crafting_table":1,"minecraft:stick":4,"minecraft:dried_kelp":15,"minecraft:wooden_pickaxe":1,"minecraft:stone_pickaxe":1,"minecraft:wooden_axe":1,"minecraft:stone_sword":1,"minecraft:furnace":2,"minecraft:torch":4,"minecraft:stone_axe":1,"minecraft:air":0,"minecraft:smoker":1},"minecraft:picked_up":{"minecraft:birch_log":13,"minecraft:stick":2,"minecraft:crafting_table":3,"minecraft:torch":2,"minecraft:stone_slab":1,"minecraft:smoker":1,"alexsmobs:cachalot_whale_tooth":1,"minecraft:dried_kelp":2,"minecraft:ink_sac":3,"minecraft:snort_pottery_sherd":1,"minecraft:kelp":265,"minecraft:calcite":1,"minecraft:moss_block":2,"minecraft:birch_sapling":2,"minecraft:oak_planks":7,"minecraft:coal":89,"minecraft:cobblestone":41,"minecraft:furnace":1},"minecraft:custom":{"minecraft:time_since_rest":3702,"minecraft:interact_with_furnace":5,"minecraft:sprint_one_cm":34065,"minecraft:damage_taken":715,"minecraft:walk_one_cm":34089,"minecraft:drop":2,"minecraft:damage_dealt":140,"minecraft:interact_with_crafting_table":9,"minecraft:swim_one_cm":67721,"minecraft:fly_one_cm":13034,"minecraft:crouch_one_cm":1524,"minecraft:play_time":22313,"minecraft:deaths":1,"minecraft:sneak_time":602,"minecraft:walk_under_water_one_cm":7901,"minecraft:jump":102,"minecraft:time_since_death":3635,"minecraft:leave_game":2,"minecraft:walk_on_water_one_cm":5567,"minecraft:interact_with_smoker":2,"minecraft:total_world_time":22313,"minecraft:fall_one_cm":1908}},"DataVersion":3465}