{"stats":{"minecraft:used":{"minecraft:stone_sword":23,"minecraft:stone_pickaxe":182,"minecraft:stone_shovel":132,"minecraft:baked_potato":9,"minecraft:dried_kelp":17,"minecraft:orange_tulip":1,"minecraft:wooden_pickaxe":8,"minecraft:shield":3,"mekanismtools:stone_paxel":259,"minecraft:torch":16,"minecraft:dirt":192,"minecraft:crafting_table":7,"minecraft:smoker":1,"minecraft:birch_door":27,"minecraft:wooden_axe":16,"minecraft:birch_sapling":2,"minecraft:stone_slab":1,"minecraft:stone_axe":96,"minecraft:furnace":1,"alexsmobs:animal_dictionary":2,"minecraft:potato":21},"minecraft:custom":{"minecraft:interact_with_furnace":7,"minecraft:mob_kills":6,"minecraft:interact_with_crafting_table":19,"minecraft:leave_game":5,"minecraft:time_since_death":57879,"minecraft:sleep_in_bed":1,"minecraft:climb_one_cm":679,"minecraft:time_since_rest":47974,"minecraft:sprint_one_cm":138863,"minecraft:damage_taken":1190,"minecraft:walk_one_cm":155920,"minecraft:damage_blocked_by_shield":90,"minecraft:drop":6,"minecraft:damage_dealt":1109,"minecraft:swim_one_cm":137687,"minecraft:fly_one_cm":88846,"minecraft:open_chest":3,"minecraft:play_time":84739,"minecraft:crouch_one_cm":8775,"minecraft:deaths":2,"minecraft:sneak_time":2950,"minecraft:walk_under_water_one_cm":60634,"minecraft:jump":583,"minecraft:interact_with_blast_furnace":1,"minecraft:walk_on_water_one_cm":16871,"minecraft:total_world_time":84739,"minecraft:interact_with_smoker":14,"minecraft:fall_one_cm":13146},"minecraft:picked_up":{"minecraft:birch_log":102,"minecraft:magma_block":1,"minecraft:birch_door":26,"minecraft:crafting_table":6,"minecraft:stone_slab":2,"minecraft:wooden_pickaxe":1,"minecraft:smoker":1,"minecraft:potato":75,"alexsmobs:cachalot_whale_tooth":1,"minecraft:oak_log":1,"minecraft:dirt":192,"minecraft:bone":2,"minecraft:kelp":265,"minecraft:orange_tulip":3,"minecraft:white_tulip":1,"minecraft:calcite":1,"minecraft:moss_block":2,"minecraft:birch_sapling":13,"minecraft:oak_planks":7,"minecraft:furnace":1,"minecraft:stick":14,"minecraft:raw_iron":26,"minecraft:torch":11,"minecraft:poisonous_potato":2,"minecraft:dried_kelp":2,"minecraft:ink_sac":3,"mekanism:raw_tin":39,"minecraft:light_gray_terracotta":43,"alexsmobs:raw_catfish":1,"minecraft:arrow":2,"minecraft:rotten_flesh":5,"minecraft:snort_pottery_sherd":1,"minecraft:peony":1,"minecraft:coal":192,"minecraft:cobblestone":107},"minecraft:killed_by":{"alexsmobs:cachalot_whale":1},"minecraft:broken":{"mekanismtools:stone_paxel":1,"minecraft:stone_shovel":1},"minecraft:crafted":{"minecraft:stone_shovel":3,"minecraft:crafting_table":3,"minecraft:dried_kelp":15,"minecraft:wooden_pickaxe":2,"minecraft:baked_potato":35,"minecraft:furnace":2,"minecraft:birch_planks":40,"minecraft:stone_axe":3,"mekanismtools:stone_paxel":2,"minecraft:air":0,"minecraft:shield":1,"minecraft:stick":24,"minecraft:iron_ingot":1,"minecraft:stone_pickaxe":3,"minecraft:wooden_axe":1,"minecraft:stone_sword":2,"minecraft:birch_door":3,"minecraft:torch":44,"minecraft:smoker":1},"minecraft:mined":{"minecraft:kelp_plant":21,"minecraft:smoker":1,"minecraft:crafting_table":6,"minecraft:light_gray_terracotta":44,"minecraft:grass_block":165,"minecraft:calcite":1,"mekanism:tin_ore":39,"minecraft:stone_slab":2,"minecraft:tall_grass":2,"minecraft:kelp":1,"minecraft:moss_block":2,"minecraft:wall_torch":3,"minecraft:tall_seagrass":1,"minecraft:magma_block":1,"minecraft:furnace":1,"minecraft:birch_log":105,"minecraft:iron_ore":26,"minecraft:birch_leaves":15,"minecraft:birch_door":26,"minecraft:orange_tulip":1,"minecraft:peony":1,"minecraft:grass":2,"minecraft:oak_log":1,"minecraft:potatoes":20,"minecraft:coal_ore":144,"minecraft:gravel":1,"minecraft:dirt":23,"minecraft:stone":113,"minecraft:fern":1},"minecraft:killed":{"minecraft:skeleton":1,"alexsmobs:catfish":2,"minecraft:zombie":3},"minecraft:dropped":{"minecraft:rotten_flesh":2,"minecraft:stone_slab":1,"minecraft:wooden_axe":1,"minecraft:wooden_pickaxe":3}},"DataVersion":3465}