{"stats":{"minecraft:custom":{"minecraft:mob_kills":55,"minecraft:interact_with_crafting_table":45,"minecraft:open_barrel":1,"minecraft:leave_game":6,"minecraft:time_since_death":162646,"minecraft:climb_one_cm":7745,"minecraft:sprint_one_cm":563974,"minecraft:walk_one_cm":532368,"minecraft:damage_blocked_by_shield":325,"minecraft:drop":59,"minecraft:damage_dealt_absorbed":41,"minecraft:play_time":235311,"minecraft:sneak_time":10585,"minecraft:deaths":1,"minecraft:walk_under_water_one_cm":55269,"minecraft:boat_one_cm":14805,"minecraft:jump":3369,"minecraft:walk_on_water_one_cm":20670,"minecraft:total_world_time":235311,"minecraft:interact_with_furnace":62,"minecraft:sleep_in_bed":10,"minecraft:time_since_rest":23812,"minecraft:damage_taken":2337,"minecraft:damage_dealt":6913,"minecraft:swim_one_cm":145401,"minecraft:fly_one_cm":541948,"minecraft:open_chest":45,"minecraft:crouch_one_cm":25898,"minecraft:fish_caught":13,"minecraft:interact_with_smoker":24,"minecraft:fall_one_cm":73385},"minecraft:picked_up":{"minecraft:charcoal":2,"minecraft:shelter_pottery_sherd":1,"mekanismtools:osmium_paxel":1,"minecraft:birch_door":6,"minecraft:crafting_table":17,"minecraft:nether_wart":16,"minecraft:brown_mushroom":1,"minecraft:stone_slab":1,"minecraft:enchanted_book":2,"minecraft:shield":1,"minecraft:string":3,"minecraft:red_bed":5,"minecraft:soul_soil":3,"minecraft:raw_copper":25,"minecraft:pufferfish":4,"minecraft:blackstone":18,"minecraft:cyan_carpet":6,"minecraft:oak_sign":1,"alexsmobs:blood_sac":1,"minecraft:gold_nugget":108,"minecraft:melon_slice":180,"minecraft:sugar_cane":1,"minecraft:chest":1,"minecraft:furnace":3,"minecraft:raw_iron":58,"minecraft:stick":21,"minecraft:torch":11,"mekanism:raw_tin":34,"minecraft:stone_sword":1,"minecraft:arrow":5,"minecraft:rotten_flesh":7,"minecraft:peony":1,"minecraft:nether_bricks":46,"minecraft:bone_block":39,"minecraft:mutton":3,"minecraft:cod":19,"minecraft:white_wool":4,"alexsmobs:flying_fish":2,"minecraft:cobblestone":195,"minecraft:stripped_oak_log":1,"minecraft:birch_log":14,"minecraft:feather":1,"minecraft:jungle_log":2,"minecraft:andesite":44,"minecraft:glow_ink_sac":3,"minecraft:salmon":4,"minecraft:leather":1,"minecraft:smoker":5,"mekanismtools:osmium_sword":2,"minecraft:potato":161,"minecraft:flint":6,"minecraft:oak_log":191,"minecraft:danger_pottery_sherd":1,"minecraft:golden_boots":1,"minecraft:yellow_bed":2,"minecraft:gunpowder":6,"minecraft:cobblestone_stairs":1,"minecraft:dirt":221,"minecraft:paper":2,"mekanism:salt":24,"minecraft:bone":18,"minecraft:apple":4,"minecraft:kelp":12,"minecraft:wheat_seeds":11,"minecraft:raw_gold":6,"minecraft:stripped_oak_wood":1,"minecraft:glowstone_dust":67,"minecraft:moss_block":2,"minecraft:oak_planks":55,"minecraft:flowering_azalea":1,"minecraft:soul_sand":34,"minecraft:book":102,"minecraft:smooth_basalt":4,"minecraft:warped_fungus":1,"minecraft:black_candle":4,"minecraft:pumpkin":4,"minecraft:quartz":83,"minecraft:raw_iron_block":1,"minecraft:poisonous_potato":1,"minecraft:gravel":3,"minecraft:sand":17,"minecraft:jungle_planks":2,"minecraft:stripped_spruce_log":1,"minecraft:ink_sac":10,"minecraft:crying_obsidian":2,"minecraft:spider_eye":1,"minecraft:spectral_arrow":24,"mekanism:raw_osmium":45,"alexsmobs:animal_dictionary":1,"minecraft:archer_pottery_sherd":1,"minecraft:brewer_pottery_sherd":1,"minecraft:oak_wood":2,"minecraft:diamond":2,"minecraft:writable_book":1,"mekanism:fluorite_gem":4,"minecraft:painting":13,"minecraft:emerald":2,"alexsmobs:maggot":1,"minecraft:oak_sapling":27,"minecraft:netherrack":23,"minecraft:melon_seeds":4,"minecraft:coal":328,"minecraft:ender_pearl":4},"minecraft:used":{"minecraft:oak_sign":2,"minecraft:chest":4,"minecraft:shield":9,"minecraft:cooked_salmon":4,"minecraft:stone_hoe":81,"minecraft:torch":54,"minecraft:netherrack":14,"minecraft:dirt":178,"minecraft:jungle_planks":2,"mekanismtools:osmium_sword":104,"minecraft:birch_door":6,"minecraft:wooden_axe":39,"mekanismtools:osmium_helmet":1,"minecraft:melon_seeds":7,"minecraft:soul_soil":1,"minecraft:oak_sapling":2,"minecraft:furnace":6,"minecraft:cooked_cod":18,"minecraft:potato":120,"minecraft:golden_boots":1,"minecraft:cooked_mutton":3,"minecraft:water_bucket":1,"mekanismtools:osmium_paxel":1071,"minecraft:baked_potato":6,"minecraft:oak_planks":316,"minecraft:stone_pickaxe":1,"minecraft:blackstone":16,"mekanismtools:stone_paxel":187,"minecraft:wooden_pickaxe":7,"minecraft:sugar_cane":1,"minecraft:crafting_table":17,"minecraft:red_bed":4,"minecraft:painting":13,"minecraft:smoker":3,"minecraft:oak_log":54,"mekanismtools:osmium_shield":2,"minecraft:melon_slice":85,"mekanismtools:iron_paxel":32,"minecraft:stone_axe":2,"minecraft:fishing_rod":24,"minecraft:cobblestone":86,"minecraft:bucket":2,"mekanismtools:osmium_chestplate":1,"minecraft:oak_boat":1,"alexsmobs:animal_dictionary":2,"mekanismtools:osmium_leggings":1,"minecraft:bone_meal":117},"minecraft:killed_by":{"minecraft:zombie":1},"minecraft:killed":{"minecraft:spider":2,"minecraft:cod":14,"alexsmobs:tasmanian_devil":1,"minecraft:skeleton":4,"mekanismadditions:baby_skeleton":1,"alexsmobs:soul_vulture":2,"alexsmobs:flying_fish":2,"mekanismadditions:baby_enderman":1,"alexsmobs:skunk":1,"minecraft:creeper":4,"alexsmobs:crimson_mosquito":1,"minecraft:sheep":2,"alexsmobs:cockroach":1,"minecraft:zombie":10,"minecraft:ghast":2,"alexsmobs:fly":1,"minecraft:glow_squid":1,"minecraft:wither_skeleton":3,"minecraft:enderman":1},"minecraft:crafted":{"minecraft:stone_shovel":1,"mekanismtools:osmium_paxel":1,"minecraft:oak_planks":384,"mekanismtools:iron_paxel":1,"minecraft:raw_iron":9,"minecraft:oak_sign":3,"minecraft:fishing_rod":1,"mekanismtools:osmium_shield":1,"mekanism:ingot_osmium":35,"mekanismtools:osmium_shovel":1,"mekanismtools:osmium_chestplate":1,"minecraft:furnace":4,"minecraft:bone_meal":117,"minecraft:cooked_mutton":3,"mekanismtools:osmium_axe":1,"minecraft:iron_axe":1,"minecraft:melon_seeds":8,"minecraft:stone_pickaxe":1,"minecraft:chest":4,"minecraft:birch_door":3,"mekanismtools:osmium_helmet":1,"minecraft:stone_hoe":1,"mekanismtools:osmium_pickaxe":1,"minecraft:golden_boots":1,"mekanismtools:osmium_sword":1,"mekanism:ingot_tin":33,"minecraft:cooked_cod":18,"minecraft:crafting_table":3,"minecraft:spruce_planks":4,"minecraft:wooden_pickaxe":1,"minecraft:baked_potato":67,"minecraft:cooked_salmon":4,"minecraft:bucket":1,"minecraft:birch_planks":12,"mekanismtools:osmium_leggings":1,"minecraft:stone_axe":1,"mekanismtools:stone_paxel":1,"minecraft:air":0,"minecraft:jungle_planks":8,"minecraft:oak_boat":1,"minecraft:shield":1,"minecraft:stick":52,"minecraft:iron_ingot":24,"minecraft:iron_pickaxe":1,"minecraft:wooden_axe":1,"minecraft:stone_sword":1,"minecraft:iron_shovel":1,"minecraft:gold_ingot":11,"minecraft:torch":56},"minecraft:dropped":{"minecraft:stone_hoe":1,"minecraft:iron_ingot":1,"minecraft:candle":6,"minecraft:moss_block":2,"minecraft:wheat_seeds":1,"minecraft:shelter_pottery_sherd":1,"minecraft:poisonous_potato":1,"minecraft:cobblestone":20,"minecraft:brewer_pottery_sherd":1,"minecraft:spectral_arrow":24,"minecraft:archer_pottery_sherd":1,"mekanismtools:stone_paxel":1,"minecraft:cobblestone_stairs":1,"minecraft:pufferfish":3,"minecraft:dirt":6,"minecraft:black_candle":4,"minecraft:wooden_axe":1,"minecraft:melon_slice":1,"mekanismtools:osmium_sword":1,"minecraft:flowering_azalea":1,"minecraft:sand":17,"mekanismtools:iron_paxel":1,"minecraft:danger_pottery_sherd":1,"minecraft:cyan_carpet":6,"minecraft:gold_ingot":5,"alexsmobs:maggot":1,"minecraft:soul_soil":2,"minecraft:stone_sword":2,"minecraft:stone_slab":1,"mekanism:raw_tin":1,"minecraft:nether_bricks":23,"minecraft:poppy":1,"minecraft:peony":1,"minecraft:andesite":2,"minecraft:oak_sapling":1,"minecraft:golden_sword":1,"minecraft:wooden_pickaxe":1},"minecraft:mined":{"minecraft:nether_gold_ore":30,"minecraft:cobblestone_stairs":1,"alexsmobs:leafcutter_anthill":1,"mekanism:deepslate_osmium_ore":7,"minecraft:nether_bricks":25,"minecraft:allium":1,"minecraft:decorated_pot":1,"minecraft:grass_block":110,"minecraft:jungle_planks":3,"minecraft:jungle_log":2,"alexsmobs:leafcutter_ant_chamber":1,"minecraft:soul_soil":2,"minecraft:moss_block":3,"minecraft:kelp":1,"minecraft:nether_wart":15,"minecraft:raw_iron_block":1,"minecraft:glowstone":11,"minecraft:furnace":3,"minecraft:iron_ore":61,"minecraft:fire":30,"minecraft:andesite":45,"minecraft:stripped_spruce_log":1,"minecraft:pumpkin":4,"minecraft:peony":1,"minecraft:bookshelf":18,"minecraft:potatoes":49,"minecraft:dirt_path":1,"minecraft:vine":5,"minecraft:black_candle":1,"minecraft:stripped_oak_log":3,"minecraft:stone":181,"minecraft:bone_block":40,"mekanism:osmium_ore":39,"minecraft:soul_sand":38,"minecraft:red_bed":4,"minecraft:blackstone":1,"minecraft:kelp_plant":10,"minecraft:brown_stained_glass_pane":2,"minecraft:smoker":3,"minecraft:soul_fire":4,"mekanism:block_salt":6,"minecraft:torch":4,"minecraft:crafting_table":14,"minecraft:oak_wood":2,"minecraft:melon":27,"minecraft:chest":1,"mekanism:tin_ore":34,"minecraft:campfire":1,"minecraft:stone_slab":1,"minecraft:nether_quartz_ore":84,"minecraft:copper_ore":7,"minecraft:tall_grass":4,"minecraft:deepslate_coal_ore":9,"minecraft:cobblestone":6,"minecraft:oak_planks":25,"minecraft:sugar_cane":1,"minecraft:wall_torch":3,"minecraft:seagrass":1,"mekanism:fluorite_ore":1,"minecraft:birch_log":7,"minecraft:birch_leaves":1,"minecraft:stripped_oak_wood":1,"minecraft:birch_door":6,"minecraft:warped_fungus":1,"minecraft:yellow_bed":1,"minecraft:grass":87,"minecraft:coal_ore":142,"minecraft:oak_log":169,"minecraft:cyan_carpet":6,"minecraft:gravel":6,"minecraft:dirt":91,"minecraft:sand":17,"minecraft:smooth_basalt":2,"minecraft:netherrack":24,"minecraft:gold_ore":8,"minecraft:deepslate_emerald_ore":1,"minecraft:oak_leaves":7,"minecraft:fern":1}},"DataVersion":3465}