{"stats":{"minecraft:picked_up":{"minecraft:charcoal":2,"minecraft:shelter_pottery_sherd":1,"minecraft:crafting_table":10,"minecraft:stone_slab":1,"minecraft:red_bed":4,"minecraft:cyan_carpet":6,"minecraft:blackstone":1,"minecraft:melon_slice":76,"minecraft:furnace":2,"minecraft:stick":9,"minecraft:torch":2,"mekanism:raw_tin":1,"minecraft:peony":1,"minecraft:mutton":3,"minecraft:white_wool":2,"minecraft:cobblestone":37,"minecraft:stripped_oak_log":1,"minecraft:birch_log":7,"minecraft:jungle_log":2,"minecraft:andesite":2,"minecraft:smoker":3,"mekanismtools:osmium_sword":1,"minecraft:flint":3,"minecraft:oak_log":165,"minecraft:danger_pottery_sherd":1,"minecraft:yellow_bed":1,"minecraft:cobblestone_stairs":1,"minecraft:dirt":95,"minecraft:bone":1,"minecraft:apple":2,"minecraft:wheat_seeds":2,"minecraft:stripped_oak_wood":1,"minecraft:moss_block":2,"minecraft:oak_planks":24,"minecraft:flowering_azalea":1,"minecraft:book":51,"minecraft:smooth_basalt":2,"minecraft:black_candle":4,"minecraft:raw_iron_block":1,"minecraft:sand":17,"minecraft:jungle_planks":2,"minecraft:stripped_spruce_log":1,"mekanism:raw_osmium":9,"minecraft:spectral_arrow":8,"minecraft:archer_pottery_sherd":1,"minecraft:brewer_pottery_sherd":1,"minecraft:oak_wood":2,"minecraft:painting":12,"minecraft:emerald":1,"alexsmobs:maggot":1,"minecraft:oak_sapling":27,"minecraft:coal":183},"minecraft:dropped":{"minecraft:iron_ingot":1,"minecraft:shelter_pottery_sherd":1,"minecraft:candle":6,"minecraft:moss_block":2,"minecraft:wheat_seeds":1,"minecraft:cobblestone":20,"minecraft:brewer_pottery_sherd":1,"minecraft:spectral_arrow":8,"minecraft:archer_pottery_sherd":1,"mekanismtools:stone_paxel":1,"minecraft:cobblestone_stairs":1,"minecraft:dirt":2,"minecraft:black_candle":4,"minecraft:wooden_axe":1,"mekanismtools:osmium_sword":1,"minecraft:flowering_azalea":1,"minecraft:sand":17,"mekanismtools:iron_paxel":1,"minecraft:danger_pottery_sherd":1,"minecraft:cyan_carpet":6,"alexsmobs:maggot":1,"minecraft:stone_sword":1,"minecraft:stone_slab":1,"mekanism:raw_tin":1,"minecraft:poppy":1,"minecraft:peony":1,"minecraft:andesite":2,"minecraft:oak_sapling":1,"minecraft:wooden_pickaxe":1},"minecraft:used":{"minecraft:oak_sign":2,"minecraft:torch":6,"minecraft:dirt":66,"minecraft:jungle_planks":2,"mekanismtools:osmium_sword":4,"minecraft:wooden_axe":39,"minecraft:oak_sapling":2,"minecraft:furnace":3,"minecraft:cooked_mutton":3,"mekanismtools:osmium_paxel":258,"minecraft:oak_planks":316,"minecraft:stone_pickaxe":1,"minecraft:wooden_pickaxe":7,"mekanismtools:stone_paxel":187,"minecraft:crafting_table":10,"minecraft:red_bed":3,"minecraft:painting":13,"minecraft:smoker":1,"minecraft:oak_log":53,"minecraft:melon_slice":32,"mekanismtools:iron_paxel":32,"minecraft:stone_axe":2,"alexsmobs:animal_dictionary":2,"minecraft:oak_boat":1},"minecraft:crafted":{"mekanismtools:osmium_paxel":1,"minecraft:oak_planks":360,"mekanismtools:iron_paxel":1,"minecraft:raw_iron":9,"minecraft:stone_shovel":1,"minecraft:oak_sign":3,"mekanism:ingot_osmium":9,"mekanismtools:osmium_shovel":1,"minecraft:furnace":1,"minecraft:cooked_mutton":3,"mekanismtools:osmium_axe":1,"minecraft:iron_axe":1,"minecraft:melon_seeds":4,"minecraft:stone_pickaxe":1,"mekanismtools:osmium_pickaxe":1,"mekanismtools:osmium_sword":1,"minecraft:crafting_table":2,"minecraft:spruce_planks":4,"minecraft:wooden_pickaxe":1,"minecraft:stone_axe":1,"mekanismtools:stone_paxel":1,"minecraft:air":0,"minecraft:jungle_planks":8,"minecraft:oak_boat":1,"minecraft:shield":1,"minecraft:stick":36,"minecraft:iron_ingot":9,"minecraft:iron_pickaxe":1,"minecraft:wooden_axe":1,"minecraft:stone_sword":1,"minecraft:iron_shovel":1,"minecraft:torch":8},"minecraft:killed":{"minecraft:sheep":2,"alexsmobs:fly":1},"minecraft:mined":{"minecraft:cobblestone_stairs":1,"alexsmobs:leafcutter_anthill":1,"mekanism:deepslate_osmium_ore":7,"minecraft:allium":1,"minecraft:grass_block":78,"minecraft:decorated_pot":1,"minecraft:jungle_planks":3,"minecraft:jungle_log":2,"alexsmobs:leafcutter_ant_chamber":1,"minecraft:moss_block":3,"minecraft:raw_iron_block":1,"minecraft:furnace":2,"minecraft:fire":27,"minecraft:andesite":2,"minecraft:stripped_spruce_log":1,"minecraft:peony":1,"minecraft:bookshelf":18,"minecraft:vine":5,"minecraft:black_candle":1,"minecraft:stripped_oak_log":2,"minecraft:stone":26,"mekanism:osmium_ore":2,"minecraft:red_bed":4,"minecraft:blackstone":1,"minecraft:brown_stained_glass_pane":2,"minecraft:smoker":3,"minecraft:crafting_table":9,"minecraft:torch":1,"minecraft:oak_wood":2,"minecraft:melon":14,"mekanism:tin_ore":1,"minecraft:campfire":1,"minecraft:stone_slab":1,"minecraft:tall_grass":3,"minecraft:cobblestone":2,"minecraft:deepslate_coal_ore":9,"minecraft:oak_planks":25,"minecraft:wall_torch":1,"minecraft:birch_log":7,"minecraft:birch_leaves":1,"minecraft:stripped_oak_wood":1,"minecraft:yellow_bed":1,"minecraft:grass":30,"minecraft:oak_log":169,"minecraft:coal_ore":61,"minecraft:cyan_carpet":6,"minecraft:sand":17,"minecraft:dirt":26,"minecraft:smooth_basalt":2,"minecraft:oak_leaves":7,"minecraft:deepslate_emerald_ore":1,"minecraft:fern":1},"minecraft:custom":{"minecraft:mob_kills":4,"minecraft:interact_with_crafting_table":21,"minecraft:open_barrel":1,"minecraft:leave_game":1,"minecraft:time_since_death":72085,"minecraft:climb_one_cm":7553,"minecraft:sprint_one_cm":156858,"minecraft:walk_one_cm":203375,"minecraft:drop":41,"minecraft:play_time":72085,"minecraft:sneak_time":1279,"minecraft:walk_under_water_one_cm":761,"minecraft:boat_one_cm":14805,"minecraft:jump":938,"minecraft:walk_on_water_one_cm":3027,"minecraft:total_world_time":72085,"minecraft:interact_with_furnace":20,"minecraft:sleep_in_bed":3,"minecraft:time_since_rest":8029,"minecraft:damage_taken":515,"minecraft:damage_dealt":359,"minecraft:swim_one_cm":8322,"minecraft:fly_one_cm":130289,"minecraft:open_chest":4,"minecraft:crouch_one_cm":4192,"minecraft:interact_with_smoker":4,"minecraft:fall_one_cm":22412}},"DataVersion":3465}