{"stats":{"minecraft:picked_up":{"minecraft:dirt":1},"minecraft:custom":{"minecraft:jump":59,"minecraft:time_since_rest":17620,"minecraft:leave_game":1,"minecraft:crouch_one_cm":443,"minecraft:sprint_one_cm":1298,"minecraft:play_time":17620,"minecraft:time_since_death":17620,"minecraft:walk_one_cm":9729,"minecraft:sneak_time":149,"minecraft:total_world_time":17620,"minecraft:fly_one_cm":3711},"minecraft:used":{"minecraft:dirt":2,"minecraft:snow":2,"minecraft:grass_block":1},"minecraft:mined":{"minecraft:grass_block":1}},"DataVersion":3465}