{"stats":{"minecraft:used":{"minecraft:cooked_mutton":3,"minecraft:wooden_axe":16,"minecraft:wooden_pickaxe":37,"minecraft:wooden_shovel":47,"minecraft:torch":7,"minecraft:wooden_sword":22,"minecraft:dirt":34,"minecraft:crafting_table":1,"minecraft:furnace":1,"minecraft:oak_sapling":1,"alexsmobs:animal_dictionary":1,"minecraft:cooked_beef":1},"minecraft:mined":{"minecraft:grass":1,"minecraft:grass_block":31,"minecraft:oak_log":22,"minecraft:dirt":25,"minecraft:stone":23,"minecraft:wall_torch":1,"minecraft:oak_leaves":1},"minecraft:crafted":{"minecraft:cooked_beef":7,"minecraft:wooden_sword":1,"minecraft:oak_planks":36,"minecraft:wooden_shovel":1,"minecraft:charcoal":2,"minecraft:crafting_table":1,"minecraft:stick":8,"minecraft:wooden_pickaxe":1,"minecraft:wooden_axe":1,"minecraft:furnace":1,"minecraft:torch":8,"minecraft:cooked_mutton":9},"minecraft:picked_up":{"minecraft:stick":1,"minecraft:leather":1,"minecraft:torch":1,"minecraft:oak_log":22,"minecraft:dirt":56,"minecraft:rotten_flesh":1,"minecraft:beef":7,"minecraft:oak_sapling":1,"minecraft:black_wool":1,"minecraft:mutton":9,"minecraft:white_wool":4,"minecraft:cobblestone":23},"minecraft:killed":{"minecraft:sheep":5,"minecraft:zombie":1,"minecraft:cow":4},"minecraft:custom":{"minecraft:time_since_rest":46567,"minecraft:interact_with_furnace":9,"minecraft:sprint_one_cm":28321,"minecraft:damage_taken":230,"minecraft:walk_one_cm":117935,"minecraft:mob_kills":10,"minecraft:damage_dealt":1027,"minecraft:interact_with_crafting_table":9,"minecraft:swim_one_cm":1191,"minecraft:fly_one_cm":6200,"minecraft:crouch_one_cm":158,"minecraft:play_time":46567,"minecraft:sneak_time":145,"minecraft:walk_under_water_one_cm":2180,"minecraft:jump":206,"minecraft:leave_game":2,"minecraft:time_since_death":46567,"minecraft:walk_on_water_one_cm":728,"minecraft:total_world_time":46567,"minecraft:fall_one_cm":2279}},"DataVersion":3465}