{"stats":{"minecraft:dropped":{"minecraft:oak_log":5},"minecraft:mined":{"mekanism:osmium_ore":2,"minecraft:grass_block":48,"mekanism:tin_ore":1,"minecraft:stone_slab":2,"minecraft:copper_ore":4,"minecraft:spruce_leaves":2,"minecraft:wall_torch":2,"minecraft:iron_ore":14,"minecraft:birch_leaves":2,"minecraft:grass":1,"minecraft:oak_log":41,"minecraft:coal_ore":82,"mekanism:lead_ore":2,"minecraft:gravel":2,"minecraft:dirt":87,"minecraft:stone":75,"minecraft:oak_leaves":6},"minecraft:picked_up":{"mekanism:raw_lead":2,"minecraft:leather":1,"minecraft:stone_slab":2,"minecraft:oak_log":48,"minecraft:gunpowder":2,"minecraft:dirt":158,"minecraft:raw_copper":15,"minecraft:bone":2,"minecraft:apple":1,"minecraft:orange_tulip":2,"minecraft:beef":7,"minecraft:raw_iron":13,"minecraft:stick":2,"minecraft:torch":2,"minecraft:dandelion":1,"minecraft:spruce_stairs":1,"minecraft:gravel":2,"mekanism:raw_osmium":2,"mekanism:raw_tin":1,"minecraft:rotten_flesh":1,"minecraft:arrow":1,"minecraft:oak_sapling":6,"minecraft:black_wool":1,"minecraft:mutton":9,"minecraft:coal":81,"alexsmobs:flying_fish":1,"minecraft:white_wool":4,"minecraft:cobblestone":76},"minecraft:used":{"minecraft:cooked_mutton":3,"minecraft:stone_sword":13,"minecraft:stone_shovel":59,"minecraft:stone_pickaxe":152,"minecraft:chest":1,"minecraft:wooden_pickaxe":37,"minecraft:wooden_shovel":47,"minecraft:torch":8,"minecraft:dirt":145,"minecraft:crafting_table":1,"minecraft:white_bed":1,"minecraft:wooden_axe":32,"minecraft:apple":1,"minecraft:iron_pickaxe":11,"minecraft:gravel":1,"minecraft:stone_axe":8,"minecraft:wooden_sword":22,"minecraft:cobblestone":36,"minecraft:oak_sapling":6,"minecraft:furnace":1,"alexsmobs:animal_dictionary":1,"minecraft:cooked_beef":2},"minecraft:custom":{"minecraft:interact_with_furnace":15,"minecraft:mob_kills":14,"minecraft:interact_with_crafting_table":22,"minecraft:leave_game":4,"minecraft:time_since_death":95367,"minecraft:sleep_in_bed":3,"minecraft:time_since_rest":12361,"minecraft:sprint_one_cm":65503,"minecraft:damage_taken":350,"minecraft:walk_one_cm":261310,"minecraft:drop":5,"minecraft:damage_dealt":1542,"minecraft:swim_one_cm":1191,"minecraft:talked_to_villager":1,"minecraft:fly_one_cm":13578,"minecraft:open_chest":8,"minecraft:crouch_one_cm":3799,"minecraft:play_time":95367,"minecraft:sneak_time":1999,"minecraft:walk_under_water_one_cm":4945,"minecraft:jump":633,"minecraft:walk_on_water_one_cm":6716,"minecraft:total_world_time":95367,"minecraft:fall_one_cm":6760},"minecraft:killed":{"minecraft:creeper":1,"minecraft:sheep":5,"minecraft:skeleton":1,"minecraft:zombie":1,"alexsmobs:flying_fish":1,"minecraft:cow":4},"minecraft:crafted":{"minecraft:cooked_beef":7,"minecraft:wooden_sword":1,"minecraft:oak_planks":54,"minecraft:wooden_shovel":1,"minecraft:stone_shovel":1,"minecraft:crafting_table":1,"minecraft:wooden_pickaxe":1,"minecraft:iron_helmet":1,"minecraft:furnace":1,"minecraft:stone_axe":1,"minecraft:cooked_mutton":9,"minecraft:charcoal":12,"minecraft:stick":24,"minecraft:iron_ingot":8,"minecraft:iron_pickaxe":1,"minecraft:stone_pickaxe":2,"minecraft:wooden_axe":1,"minecraft:stone_sword":2,"minecraft:chest":1,"minecraft:white_bed":1,"minecraft:torch":20},"minecraft:broken":{"minecraft:stone_pickaxe":1}},"DataVersion":3465}