{"stats":{"minecraft:used":{"minecraft:iron_shovel":265,"minecraft:spruce_slab":115,"minecraft:ladder":45,"minecraft:poppy":1,"minecraft:chest":10,"minecraft:shield":4,"minecraft:white_terracotta":5,"minecraft:stone":2,"minecraft:iron_sword":410,"minecraft:spruce_leaves":7,"minecraft:iron_chestplate":1,"minecraft:birch_pressure_plate":1,"mekanismtools:osmium_sword":1,"minecraft:carrot":1,"minecraft:allium":1,"minecraft:azure_bluet":1,"minecraft:glass":2,"minecraft:lantern":31,"minecraft:birch_sapling":2,"minecraft:stone_brick_stairs":90,"minecraft:stone_bricks":728,"minecraft:bow":13,"minecraft:sweet_berries":2,"minecraft:oak_sapling":9,"minecraft:furnace":14,"minecraft:egg":1,"minecraft:potato":191,"mekanismtools:osmium_paxel":1552,"minecraft:spruce_door":7,"minecraft:oak_planks":10,"minecraft:stone_pickaxe":170,"minecraft:orange_tulip":4,"minecraft:ender_pearl":1,"minecraft:wooden_pickaxe":37,"minecraft:glow_berries":24,"minecraft:stone_brick_wall":27,"minecraft:shears":39,"sophisticatedbackpacks:backpack":1,"minecraft:string":1,"mekanism:metallurgic_infuser":2,"minecraft:oak_pressure_plate":1,"minecraft:gravel":7,"mekanismtools:osmium_shovel":20,"minecraft:wooden_sword":22,"minecraft:smithing_table":1,"minecraft:birch_log":32,"minecraft:chest_minecart":1,"minecraft:bone_meal":72,"minecraft:oak_fence":42,"minecraft:stone_sword":57,"minecraft:carved_pumpkin":2,"minecraft:stone_shovel":498,"minecraft:spruce_planks":256,"minecraft:wooden_shovel":47,"minecraft:cooked_chicken":3,"minecraft:oak_door":3,"minecraft:torch":397,"minecraft:dirt":1115,"minecraft:anvil":1,"minecraft:spruce_stairs":49,"minecraft:spruce_fence":54,"minecraft:oak_fence_gate":3,"minecraft:wooden_axe":32,"minecraft:stone_brick_slab":9,"minecraft:iron_axe":246,"mekanismgenerators:heat_generator":3,"minecraft:iron_boots":1,"minecraft:cooked_beef":7,"minecraft:cobbled_deepslate":1,"minecraft:pumpkin":2,"minecraft:cooked_mutton":8,"minecraft:wheat_seeds":14,"minecraft:water_bucket":38,"minecraft:birch_planks":1,"minecraft:baked_potato":126,"minecraft:birch_boat":6,"minecraft:cauldron":2,"minecraft:green_bed":9,"minecraft:mossy_cobblestone":2,"minecraft:crafting_table":8,"minecraft:white_bed":2,"mekanismtools:osmium_pickaxe":927,"minecraft:oak_log":158,"minecraft:diamond_pickaxe":42,"minecraft:apple":1,"minecraft:wooden_hoe":51,"minecraft:iron_pickaxe":1768,"minecraft:spruce_sapling":4,"minecraft:stone_axe":133,"minecraft:fishing_rod":14,"minecraft:cobblestone":530,"minecraft:purple_bed":9,"minecraft:bucket":41,"minecraft:glass_pane":39,"alexsmobs:animal_dictionary":1,"minecraft:dandelion":1},"minecraft:custom":{"minecraft:interact_with_crafting_table":154,"minecraft:open_barrel":31,"goblintraders:trade_with_goblin":1,"minecraft:leave_game":11,"minecraft:time_since_death":569508,"minecraft:sprint_one_cm":1619032,"minecraft:damage_blocked_by_shield":95,"minecraft:drop":197,"minecraft:talked_to_villager":2,"minecraft:play_time":1109969,"minecraft:deaths":3,"minecraft:jump":8819,"minecraft:walk_on_water_one_cm":115570,"minecraft:interact_with_furnace":316,"minecraft:interact_with_cartography_table":2,"minecraft:sleep_in_bed":69,"minecraft:damage_dealt":23319,"minecraft:player_kills":1,"minecraft:crouch_one_cm":39640,"minecraft:interact_with_smithing_table":2,"minecraft:interact_with_anvil":11,"minecraft:mob_kills":147,"minecraft:climb_one_cm":22133,"minecraft:walk_one_cm":3692470,"minecraft:sneak_time":17765,"minecraft:walk_under_water_one_cm":114593,"minecraft:boat_one_cm":1000440,"minecraft:total_world_time":1109969,"minecraft:interact_with_grindstone":1,"minecraft:time_since_rest":29258,"minecraft:damage_taken":6290,"minecraft:swim_one_cm":145116,"minecraft:fly_one_cm":865270,"minecraft:open_chest":442,"minecraft:fall_one_cm":180697},"minecraft:picked_up":{"minecraft:wooden_axe":1,"minecraft:iron_chestplate":2,"minecraft:wheat":3,"minecraft:stone_slab":4,"minecraft:enchanted_book":1,"minecraft:stone_brick_stairs":59,"minecraft:string":30,"mekanismgenerators:heat_generator":2,"minecraft:raw_copper":116,"minecraft:iron_leggings":1,"minecraft:cobbled_deepslate":12,"minecraft:spruce_planks":99,"minecraft:white_tulip":3,"minecraft:iron_pickaxe":6,"minecraft:furnace":7,"minecraft:iron_boots":1,"minecraft:stick":40,"minecraft:oak_fence":9,"minecraft:torch":173,"minecraft:green_bed":10,"minecraft:spruce_stairs":17,"minecraft:vine":16,"mekanism:raw_tin":61,"minecraft:cauldron":2,"minecraft:stone_sword":2,"minecraft:rotten_flesh":31,"minecraft:carved_pumpkin":2,"minecraft:white_terracotta":218,"minecraft:obsidian":30,"alexsmobs:flying_fish":7,"minecraft:cobblestone":1585,"minecraft:birch_log":217,"minecraft:magma_block":8,"minecraft:feather":4,"minecraft:cooked_beef":19,"minecraft:water_bucket":2,"minecraft:andesite":7,"minecraft:potato":466,"alexsmobs:bear_fur":6,"alexsmobs:bison_fur":1,"minecraft:flint":15,"minecraft:lapis_lazuli":109,"minecraft:stripped_birch_log":1,"minecraft:dirt":1192,"minecraft:lantern":7,"minecraft:bone":33,"minecraft:bow":2,"minecraft:wheat_seeds":30,"minecraft:orange_tulip":8,"minecraft:raw_gold":16,"minecraft:bell":1,"minecraft:powered_rail":5,"minecraft:moss_block":1,"minecraft:oak_planks":42,"mekanism:metallurgic_infuser":1,"minecraft:cooked_porkchop":10,"minecraft:oak_pressure_plate":1,"minecraft:poisonous_potato":1,"minecraft:sand":100,"sophisticatedbackpacks:iron_backpack":1,"minecraft:ink_sac":3,"alexsmobs:animal_dictionary":1,"minecraft:mossy_cobblestone":9,"minecraft:diamond":4,"minecraft:spruce_sign":4,"minecraft:bread":1,"minecraft:oak_sapling":41,"minecraft:spruce_leaves":16,"mekanismtools:osmium_paxel":1,"minecraft:charcoal":4,"minecraft:coarse_dirt":14,"minecraft:crafting_table":6,"minecraft:allium":9,"minecraft:azure_bluet":3,"minecraft:ladder":1,"minecraft:chest_minecart":2,"minecraft:wooden_pickaxe":2,"minecraft:stone_brick_wall":16,"minecraft:shield":1,"minecraft:iron_axe":1,"minecraft:iron_shovel":1,"minecraft:beef":22,"minecraft:poppy":5,"minecraft:spruce_slab":17,"minecraft:birch_sapling":8,"minecraft:egg":1,"minecraft:raw_iron":228,"minecraft:oak_door":1,"minecraft:copper_ingot":36,"minecraft:spruce_fence":12,"sophisticatedbackpacks:backpack":5,"minecraft:carrot":1,"minecraft:redstone":84,"minecraft:arrow":39,"minecraft:stone_shovel":5,"minecraft:decorated_pot":1,"minecraft:peony":5,"minecraft:pink_tulip":29,"minecraft:mutton":11,"minecraft:rail":3,"minecraft:white_wool":6,"minecraft:oxeye_daisy":11,"minecraft:stripped_oak_log":1,"minecraft:glow_ink_sac":3,"mekanism:raw_lead":41,"minecraft:leather":5,"minecraft:birch_planks":1,"minecraft:oak_log":352,"minecraft:cobblestone_wall":4,"minecraft:gunpowder":13,"minecraft:deepslate_tile_slab":3,"minecraft:birch_pressure_plate":1,"minecraft:cooked_mutton":9,"minecraft:apple":3,"minecraft:stone_bricks":298,"minecraft:kelp":9,"minecraft:iron_ingot":4,"minecraft:oak_fence_gate":1,"minecraft:cooked_chicken":6,"minecraft:iron_sword":3,"minecraft:birch_boat":6,"minecraft:pumpkin":11,"minecraft:sweet_berries":25,"minecraft:stone_brick_slab":2,"minecraft:dandelion":3,"minecraft:gravel":59,"minecraft:spruce_sapling":4,"minecraft:white_bed":2,"minecraft:spruce_log":150,"minecraft:spruce_door":4,"mekanism:raw_osmium":161,"minecraft:spider_eye":7,"minecraft:leather_helmet":1,"minecraft:pumpkin_seeds":8,"minecraft:purple_bed":10,"minecraft:stone_axe":1,"minecraft:iron_helmet":2,"mekanism:fluorite_gem":50,"minecraft:baked_potato":80,"minecraft:melon_seeds":4,"minecraft:black_wool":2,"minecraft:coal":583,"minecraft:sunflower":1,"minecraft:ender_pearl":1},"minecraft:killed_by":{"minecraft:creeper":1},"minecraft:broken":{"minecraft:iron_shovel":1,"minecraft:stone_pickaxe":1,"minecraft:stone_axe":1,"minecraft:stone_shovel":3,"minecraft:iron_pickaxe":6,"minecraft:iron_helmet":1},"minecraft:crafted":{"minecraft:oak_planks":478,"minecraft:smooth_stone":1,"mekanismtools:osmium_shield":1,"mekanism:ingot_osmium":122,"minecraft:oak_pressure_plate":1,"minecraft:birch_boat":1,"mekanismtools:osmium_chestplate":1,"minecraft:stone":538,"mekanismgenerators:heat_generator":1,"minecraft:cooked_mutton":9,"minecraft:glass":100,"minecraft:stone_brick_slab":12,"minecraft:bow":1,"minecraft:iron_boots":2,"mekanismtools:osmium_boots":1,"minecraft:chest":10,"minecraft:stone_bricks":532,"minecraft:oak_fence":42,"mekanismtools:osmium_pickaxe":4,"minecraft:wooden_shovel":1,"minecraft:emerald":1,"minecraft:crafting_table":3,"minecraft:spruce_planks":572,"minecraft:iron_helmet":2,"minecraft:baked_potato":268,"minecraft:wooden_pickaxe":1,"minecraft:spruce_door":3,"minecraft:birch_pressure_plate":1,"minecraft:smithing_table":1,"minecraft:copper_ingot":64,"minecraft:birch_planks":48,"mekanismtools:osmium_leggings":1,"minecraft:stone_brick_stairs":36,"minecraft:wooden_hoe":2,"minecraft:iron_chestplate":1,"minecraft:charcoal":12,"minecraft:shield":1,"minecraft:birch_fence":3,"minecraft:stick":516,"minecraft:iron_ingot":237,"minecraft:iron_pickaxe":7,"minecraft:iron_block":3,"minecraft:stone_sword":2,"minecraft:gold_ingot":4,"minecraft:shears":1,"minecraft:wooden_sword":1,"minecraft:oak_door":3,"mekanismtools:osmium_paxel":1,"minecraft:raw_iron":18,"minecraft:stone_shovel":1,"minecraft:fishing_rod":1,"minecraft:stone_brick_wall":30,"minecraft:iron_nugget":194,"mekanismtools:osmium_shovel":2,"minecraft:furnace":10,"minecraft:bone_meal":72,"minecraft:spruce_fence":45,"minecraft:glass_pane":112,"mekanismtools:osmium_axe":1,"minecraft:lantern":24,"minecraft:spruce_stairs":48,"minecraft:iron_axe":1,"minecraft:ladder":117,"minecraft:spruce_slab":108,"minecraft:stone_pickaxe":2,"mekanismtools:osmium_helmet":1,"minecraft:cooked_beef":7,"mekanismtools:osmium_sword":1,"mekanism:metallurgic_infuser":1,"sophisticatedbackpacks:gold_backpack":1,"minecraft:bucket":2,"minecraft:stone_axe":1,"minecraft:air":0,"minecraft:oak_fence_gate":2,"minecraft:wooden_axe":1,"minecraft:iron_shovel":2,"minecraft:iron_leggings":2,"minecraft:anvil":1,"minecraft:white_bed":1,"minecraft:torch":320},"minecraft:mined":{"minecraft:spruce_planks":38,"minecraft:white_bed":1,"minecraft:farmland":1,"minecraft:obsidian":31,"minecraft:carved_pumpkin":2,"minecraft:stone_brick_wall":16,"minecraft:grass_block":440,"minecraft:oak_pressure_plate":1,"minecraft:oxeye_daisy":6,"minecraft:spawner":1,"minecraft:magma_block":12,"minecraft:iron_ore":202,"minecraft:pumpkin":12,"minecraft:azure_bluet":2,"minecraft:water_cauldron":2,"minecraft:oak_stairs":1,"minecraft:pink_tulip":14,"minecraft:spruce_slab":17,"minecraft:green_bed":9,"minecraft:deepslate_redstone_ore":3,"mekanism:osmium_ore":155,"minecraft:deepslate_tile_slab":1,"minecraft:torch":61,"minecraft:mossy_cobblestone_wall":1,"minecraft:poppy":2,"mekanism:tin_ore":61,"minecraft:glass":2,"minecraft:cobblestone":63,"minecraft:oak_planks":25,"minecraft:wall_torch":45,"minecraft:white_terracotta":223,"mekanism:fluorite_ore":16,"minecraft:birch_log":129,"minecraft:wheat":10,"minecraft:stone_brick_stairs":59,"minecraft:grass":77,"minecraft:oak_log":305,"mekanism:lead_ore":31,"minecraft:oak_fence_gate":1,"minecraft:sand":103,"minecraft:dirt":631,"minecraft:red_mushroom_block":1,"minecraft:oak_leaves":179,"minecraft:deepslate":11,"minecraft:diamond_ore":4,"minecraft:mossy_cobblestone":9,"minecraft:oak_door":1,"minecraft:stripped_birch_log":1,"mekanism:deepslate_osmium_ore":3,"mekanismgenerators:heat_generator":2,"minecraft:ladder":1,"minecraft:allium":2,"minecraft:spruce_fence":12,"minecraft:decorated_pot":1,"minecraft:spruce_leaves":115,"minecraft:red_mushroom":1,"minecraft:moss_block":1,"minecraft:large_fern":6,"minecraft:redstone_ore":16,"minecraft:furnace":7,"minecraft:andesite":6,"minecraft:peony":6,"minecraft:bell":1,"minecraft:potatoes":123,"minecraft:vine":20,"minecraft:rail":2,"minecraft:lantern":5,"minecraft:stripped_oak_log":1,"minecraft:stone":1612,"minecraft:white_tulip":1,"sophisticatedbackpacks:backpack":1,"minecraft:birch_pressure_plate":1,"minecraft:glass_pane":3,"minecraft:stone_brick_slab":2,"minecraft:dandelion":2,"minecraft:spruce_door":4,"minecraft:oak_fence":8,"minecraft:crafting_table":6,"minecraft:campfire":2,"minecraft:stone_slab":2,"minecraft:copper_ore":29,"minecraft:tall_grass":38,"minecraft:deepslate_coal_ore":7,"minecraft:lapis_ore":18,"minecraft:deepslate_gold_ore":3,"mekanism:metallurgic_infuser":1,"minecraft:spruce_stairs":13,"minecraft:purple_bed":10,"minecraft:birch_planks":1,"minecraft:coarse_dirt":15,"minecraft:cobblestone_wall":1,"minecraft:sweet_berry_bush":10,"minecraft:spruce_log":152,"minecraft:birch_leaves":37,"minecraft:coal_ore":504,"minecraft:sunflower":2,"minecraft:gravel":56,"minecraft:cobweb":3,"minecraft:stone_bricks":298,"minecraft:gold_ore":12,"minecraft:fern":4,"minecraft:infested_stone":1},"minecraft:killed":{"minecraft:cave_spider":8,"minecraft:spider":14,"minecraft:skeleton":22,"minecraft:chicken":3,"minecraft:silverfish":9,"minecraft:pig":3,"mekanismadditions:baby_enderman":2,"alexsmobs:grizzly_bear":3,"minecraft:creeper":10,"minecraft:sheep":8,"minecraft:zombie":32,"alexsmobs:fly":1,"minecraft:cow":7,"mekanismadditions:baby_skeleton":2,"alexsmobs:bison":1,"alexsmobs:flying_fish":3,"minecraft:bat":1,"alexsmobs:gelada_monkey":2,"alexsmobs:crow":1,"minecraft:enderman":1},"minecraft:dropped":{"sophisticatedbackpacks:iron_backpack":1,"minecraft:iron_sword":2,"minecraft:birch_planks":1,"minecraft:oak_log":7,"minecraft:baked_potato":93,"minecraft:decorated_pot":1,"minecraft:orange_tulip":4,"minecraft:glow_berries":19,"alexsmobs:bison_fur":1,"minecraft:flint":2,"minecraft:dirt":57,"alexsmobs:flying_fish":4,"mekanismtools:osmium_paxel":1,"mekanismtools:osmium_sword":1,"minecraft:sunflower":1,"minecraft:iron_pickaxe":4,"minecraft:bone":2,"minecraft:white_tulip":1,"alexsmobs:animal_dictionary":1,"mekanismtools:osmium_pickaxe":2,"minecraft:rotten_flesh":27,"minecraft:oak_planks":12,"minecraft:cooked_mutton":2,"minecraft:white_bed":1,"minecraft:poppy":2,"minecraft:water_bucket":2,"minecraft:iron_ingot":3,"minecraft:poisonous_potato":1,"minecraft:iron_helmet":2,"minecraft:cobblestone":84,"minecraft:copper_ingot":36,"minecraft:deepslate_tile_slab":1,"minecraft:spruce_stairs":1,"minecraft:coal":34,"minecraft:stick":6,"minecraft:oxeye_daisy":6,"minecraft:wooden_axe":1,"minecraft:iron_leggings":2,"mekanism:raw_osmium":29,"minecraft:iron_shovel":1,"minecraft:string":4,"minecraft:pink_tulip":17,"minecraft:kelp":9,"minecraft:sweet_berries":2,"minecraft:stone_sword":1,"minecraft:cobblestone_wall":3,"minecraft:raw_copper":1,"minecraft:raw_iron":11,"minecraft:stone_shovel":1,"minecraft:iron_boots":2,"sophisticatedbackpacks:backpack":3,"minecraft:stone_slab":2,"minecraft:white_terracotta":1,"alexsmobs:bear_fur":2,"minecraft:allium":6,"minecraft:peony":3,"minecraft:spruce_planks":1,"minecraft:iron_chestplate":3,"minecraft:spider_eye":1,"minecraft:stone_bricks":1,"minecraft:spruce_log":7,"minecraft:wooden_pickaxe":2,"minecraft:raw_gold":1}},"DataVersion":3465}