{"stats":{"minecraft:mined":{"minecraft:tuff":5,"minecraft:deepslate_diamond_ore":15,"mekanism:deepslate_osmium_ore":42,"minecraft:glow_lichen":1,"minecraft:ladder":1,"minecraft:acacia_log":2,"minecraft:grass_block":26,"minecraft:redstone_ore":8,"minecraft:furnace":2,"minecraft:iron_ore":59,"minecraft:fire":1,"minecraft:andesite":175,"minecraft:pumpkin":1,"minecraft:anvil":1,"minecraft:deepslate_lapis_ore":8,"minecraft:gold_block":1,"minecraft:deepslate_iron_ore":25,"minecraft:stripped_oak_log":7,"minecraft:stone":247,"mekanism:deepslate_lead_ore":6,"minecraft:deepslate_redstone_ore":22,"minecraft:acacia_leaves":7,"mekanism:osmium_ore":110,"minecraft:red_bed":1,"minecraft:crafting_table":7,"minecraft:torch":2,"minecraft:calcite":1,"minecraft:dead_bush":1,"mekanism:tin_ore":7,"minecraft:tall_grass":56,"minecraft:copper_ore":24,"minecraft:cobblestone":9,"minecraft:lapis_ore":12,"minecraft:oak_planks":8,"minecraft:wall_torch":7,"mekanism:fluorite_ore":1,"minecraft:tnt":1,"minecraft:stone_brick_stairs":2,"minecraft:grass":36,"minecraft:oak_log":48,"minecraft:coal_ore":316,"mekanism:lead_ore":5,"minecraft:gravel":11,"minecraft:dirt":37,"minecraft:smooth_basalt":10,"minecraft:gold_ore":5,"minecraft:deepslate":60,"minecraft:oak_leaves":6},"minecraft:crafted":{"hangglider:glider_framework":1,"minecraft:wooden_sword":1,"minecraft:oak_door":3,"mekanismtools:osmium_paxel":1,"minecraft:oak_planks":196,"mekanismtools:osmium_shield":1,"mekanism:ingot_osmium":140,"comforts:sleeping_bag_white":1,"hangglider:hang_glider":1,"mekanismtools:osmium_shovel":1,"mekanismtools:osmium_chestplate":1,"minecraft:furnace":5,"hangglider:glider_wing":2,"minecraft:cooked_mutton":9,"mekanismtools:osmium_axe":1,"minecraft:ladder":66,"minecraft:stone_pickaxe":1,"mekanismtools:osmium_boots":1,"minecraft:chest":5,"mekanismtools:osmium_helmet":1,"mekanismtools:osmium_pickaxe":1,"minecraft:cooked_beef":21,"sophisticatedbackpacks:backpack":1,"minecraft:cooked_porkchop":17,"minecraft:crafting_table":3,"minecraft:wooden_pickaxe":2,"minecraft:copper_ingot":73,"mekanismtools:osmium_leggings":1,"minecraft:stone_axe":1,"minecraft:air":0,"minecraft:oak_boat":1,"minecraft:shield":1,"minecraft:stick":240,"minecraft:iron_ingot":44,"minecraft:iron_block":3,"minecraft:gold_ingot":9,"minecraft:anvil":1,"minecraft:torch":220},"minecraft:used":{"minecraft:ladder":47,"minecraft:chest":4,"minecraft:oak_door":1,"minecraft:torch":186,"minecraft:dirt":43,"minecraft:anvil":1,"minecraft:mutton":1,"minecraft:furnace":7,"comforts:sleeping_bag_white":5,"minecraft:cooked_beef":13,"minecraft:cooked_mutton":8,"mekanismtools:osmium_paxel":1434,"minecraft:stone_pickaxe":63,"minecraft:oak_planks":1,"minecraft:wooden_pickaxe":66,"minecraft:crafting_table":10,"minecraft:red_bed":2,"mekanismtools:osmium_shield":5,"minecraft:stone_axe":59,"minecraft:cobblestone":149,"minecraft:cooked_porkchop":6,"minecraft:andesite":162,"minecraft:oak_boat":9,"mekanismtools:osmium_chestplate":1},"minecraft:killed":{"minecraft:spider":2,"minecraft:skeleton":8,"mekanismadditions:baby_skeleton":4,"minecraft:bee":2,"minecraft:chicken":2,"alexsmobs:rocky_roller":2,"minecraft:pig":10,"minecraft:zombie_villager":1,"alexsmobs:skunk":1,"minecraft:creeper":4,"minecraft:sheep":7,"minecraft:zombie":25,"alexsmobs:terrapin":1,"alexsmobs:crow":2,"minecraft:cow":11},"minecraft:custom":{"minecraft:interact_with_anvil":1,"minecraft:mob_kills":83,"minecraft:interact_with_crafting_table":59,"goblintraders:trade_with_goblin":16,"minecraft:leave_game":1,"minecraft:time_since_death":280468,"minecraft:climb_one_cm":15494,"minecraft:sprint_one_cm":553732,"minecraft:walk_one_cm":1072470,"minecraft:damage_blocked_by_shield":135,"minecraft:drop":100,"minecraft:damage_dealt_absorbed":80,"minecraft:play_time":280468,"minecraft:sneak_time":6147,"minecraft:walk_under_water_one_cm":8606,"minecraft:boat_one_cm":172620,"minecraft:jump":3870,"minecraft:walk_on_water_one_cm":13556,"minecraft:total_world_time":280468,"minecraft:interact_with_furnace":116,"minecraft:sleep_in_bed":18,"minecraft:time_since_rest":3632,"minecraft:damage_taken":1431,"minecraft:damage_dealt":15209,"minecraft:swim_one_cm":15519,"minecraft:fly_one_cm":391449,"minecraft:player_kills":1,"minecraft:open_chest":54,"minecraft:crouch_one_cm":19413,"minecraft:fall_one_cm":50425},"minecraft:picked_up":{"mekanismtools:osmium_paxel":4,"minecraft:crafting_table":7,"minecraft:ladder":1,"minecraft:chicken":2,"minecraft:anvil":1,"minecraft:wooden_pickaxe":2,"minecraft:gold_block":2,"minecraft:stone_brick_stairs":2,"minecraft:string":5,"minecraft:red_bed":2,"minecraft:raw_copper":83,"minecraft:cobbled_deepslate":57,"comforts:sleeping_bag_white":5,"minecraft:beef":23,"minecraft:oak_boat":9,"minecraft:calcite":1,"hangglider:hang_glider":1,"minecraft:furnace":2,"minecraft:stick":7,"minecraft:raw_iron":79,"minecraft:torch":14,"minecraft:acacia_log":2,"sophisticatedbackpacks:backpack":1,"minecraft:porkchop":17,"minecraft:pointed_dripstone":4,"minecraft:redstone":134,"mekanism:raw_tin":7,"minecraft:tnt":1,"minecraft:arrow":13,"minecraft:rotten_flesh":24,"minecraft:hay_block":1,"mekanism:ingot_osmium":1,"minecraft:obsidian":1,"minecraft:mutton":10,"minecraft:white_wool":7,"minecraft:cobblestone":256,"minecraft:stripped_oak_log":6,"minecraft:glow_ink_sac":2,"minecraft:feather":5,"minecraft:cooked_beef":4,"mekanism:raw_lead":11,"minecraft:andesite":174,"minecraft:leather":12,"minecraft:potato":24,"minecraft:tuff":6,"minecraft:oak_log":44,"minecraft:yellow_bed":1,"minecraft:gunpowder":2,"alexsmobs:rocky_shell":1,"minecraft:lapis_lazuli":128,"minecraft:paper":10,"minecraft:dirt":68,"minecraft:bone":13,"minecraft:apple":8,"minecraft:bow":3,"minecraft:wheat_seeds":13,"minecraft:raw_gold":5,"minecraft:cobweb":2,"minecraft:oak_planks":12,"minecraft:book":3,"minecraft:smooth_basalt":11,"minecraft:pumpkin":1,"minecraft:gravel":8,"minecraft:amethyst_shard":1,"minecraft:spider_eye":1,"alexsmobs:animal_dictionary":1,"mekanism:raw_osmium":149,"minecraft:mossy_stone_brick_slab":2,"minecraft:spectral_arrow":9,"mekanismtools:osmium_shield":1,"minecraft:diamond":15,"minecraft:writable_book":1,"mekanism:fluorite_gem":3,"minecraft:bread":15,"minecraft:emerald":2,"minecraft:coal":337},"minecraft:dropped":{"minecraft:wheat_seeds":5,"minecraft:cooked_beef":12,"minecraft:tnt":1,"minecraft:cobblestone":19,"alexsmobs:rocky_shell":1,"minecraft:spectral_arrow":9,"minecraft:apple":8,"minecraft:coal":16,"minecraft:stick":9,"minecraft:gold_block":1,"minecraft:dirt":2,"mekanismtools:osmium_paxel":4,"minecraft:wooden_sword":1,"minecraft:amethyst_shard":1,"minecraft:smooth_basalt":2,"minecraft:gold_ingot":9,"minecraft:bone":4,"minecraft:stone_axe":1,"hangglider:hang_glider":1,"mekanismtools:osmium_shield":1,"alexsmobs:animal_dictionary":2,"minecraft:oak_planks":2,"sophisticatedbackpacks:backpack":1,"minecraft:mossy_stone_brick_slab":2,"minecraft:potato":16,"minecraft:yellow_bed":1,"minecraft:wooden_pickaxe":3,"minecraft:arrow":2,"minecraft:bow":3,"minecraft:beef":2,"minecraft:stone_pickaxe":1}},"DataVersion":3465}