{"stats":{"minecraft:picked_up":{"minecraft:stripped_oak_log":6,"mekanismtools:osmium_paxel":3,"minecraft:crafting_table":5,"minecraft:feather":2,"minecraft:cooked_beef":4,"minecraft:andesite":37,"minecraft:leather":8,"minecraft:wooden_pickaxe":1,"minecraft:potato":24,"minecraft:gold_block":1,"minecraft:stone_brick_stairs":2,"minecraft:oak_log":28,"minecraft:yellow_bed":1,"minecraft:gunpowder":2,"minecraft:paper":10,"minecraft:red_bed":2,"minecraft:dirt":48,"minecraft:raw_copper":83,"minecraft:bone":9,"minecraft:apple":8,"minecraft:bow":1,"minecraft:wheat_seeds":9,"minecraft:cobweb":2,"minecraft:beef":12,"minecraft:oak_boat":4,"minecraft:calcite":1,"minecraft:oak_planks":11,"minecraft:furnace":2,"minecraft:book":3,"minecraft:smooth_basalt":8,"minecraft:raw_iron":12,"minecraft:stick":7,"minecraft:torch":10,"minecraft:acacia_log":2,"minecraft:gravel":8,"minecraft:porkchop":6,"minecraft:amethyst_shard":1,"mekanism:raw_tin":7,"minecraft:spectral_arrow":8,"minecraft:mossy_stone_brick_slab":2,"mekanism:raw_osmium":53,"alexsmobs:animal_dictionary":1,"minecraft:arrow":11,"minecraft:rotten_flesh":10,"minecraft:writable_book":1,"minecraft:hay_block":1,"minecraft:emerald":2,"mekanism:ingot_osmium":1,"minecraft:obsidian":1,"minecraft:mutton":3,"minecraft:coal":337,"minecraft:white_wool":2,"minecraft:cobblestone":182},"minecraft:dropped":{"minecraft:wheat_seeds":4,"minecraft:cooked_beef":3,"alexsmobs:animal_dictionary":2,"minecraft:spectral_arrow":8,"minecraft:apple":8,"minecraft:mossy_stone_brick_slab":2,"minecraft:stick":9,"minecraft:gold_block":1,"minecraft:potato":16,"minecraft:yellow_bed":1,"mekanismtools:osmium_paxel":3,"minecraft:wooden_sword":1,"minecraft:amethyst_shard":1,"minecraft:arrow":2,"minecraft:bow":1,"minecraft:wooden_pickaxe":1,"minecraft:beef":2,"minecraft:stone_pickaxe":1,"minecraft:bone":4},"minecraft:used":{"minecraft:cooked_mutton":1,"mekanismtools:osmium_paxel":714,"minecraft:stone_pickaxe":63,"minecraft:oak_planks":1,"minecraft:chest":2,"minecraft:wooden_pickaxe":66,"minecraft:oak_door":1,"minecraft:torch":82,"minecraft:dirt":37,"minecraft:mutton":1,"minecraft:crafting_table":6,"minecraft:red_bed":2,"minecraft:stone_axe":59,"minecraft:cobblestone":115,"minecraft:furnace":5,"minecraft:cooked_porkchop":6,"minecraft:andesite":26,"minecraft:oak_boat":4,"minecraft:cooked_beef":4,"mekanismtools:osmium_chestplate":1},"minecraft:crafted":{"minecraft:cooked_beef":10,"minecraft:wooden_sword":1,"minecraft:oak_door":3,"mekanismtools:osmium_paxel":1,"minecraft:oak_planks":64,"minecraft:cooked_porkchop":6,"mekanismtools:osmium_shield":1,"minecraft:crafting_table":1,"mekanism:ingot_osmium":52,"minecraft:wooden_pickaxe":2,"mekanismtools:osmium_shovel":1,"mekanismtools:osmium_chestplate":1,"minecraft:furnace":3,"minecraft:copper_ingot":73,"mekanismtools:osmium_leggings":1,"minecraft:stone_axe":1,"minecraft:cooked_mutton":1,"minecraft:air":0,"mekanismtools:osmium_axe":1,"minecraft:oak_boat":1,"minecraft:shield":1,"minecraft:iron_ingot":12,"minecraft:stick":44,"minecraft:stone_pickaxe":1,"mekanismtools:osmium_boots":1,"minecraft:chest":2,"minecraft:torch":100,"mekanismtools:osmium_helmet":1,"mekanismtools:osmium_pickaxe":1},"minecraft:killed":{"minecraft:pig":4,"alexsmobs:skunk":1,"minecraft:creeper":2,"minecraft:sheep":2,"minecraft:skeleton":7,"mekanismadditions:baby_skeleton":2,"minecraft:zombie":15,"minecraft:bee":2,"alexsmobs:crow":2,"minecraft:cow":7},"minecraft:mined":{"minecraft:acacia_leaves":7,"mekanism:osmium_ore":54,"minecraft:red_bed":1,"minecraft:crafting_table":5,"minecraft:torch":2,"minecraft:acacia_log":2,"minecraft:grass_block":21,"minecraft:calcite":1,"minecraft:dead_bush":1,"mekanism:tin_ore":7,"minecraft:copper_ore":24,"minecraft:tall_grass":41,"minecraft:cobblestone":5,"minecraft:oak_planks":8,"minecraft:wall_torch":6,"minecraft:furnace":2,"minecraft:iron_ore":12,"minecraft:fire":1,"minecraft:andesite":33,"minecraft:stone_brick_stairs":2,"minecraft:gold_block":1,"minecraft:grass":13,"minecraft:oak_log":29,"minecraft:coal_ore":316,"minecraft:gravel":9,"minecraft:dirt":24,"minecraft:stripped_oak_log":7,"minecraft:smooth_basalt":8,"minecraft:stone":176,"minecraft:oak_leaves":4},"minecraft:custom":{"minecraft:interact_with_furnace":51,"minecraft:mob_kills":44,"minecraft:interact_with_crafting_table":34,"minecraft:time_since_death":123311,"minecraft:sleep_in_bed":6,"minecraft:time_since_rest":6314,"minecraft:sprint_one_cm":237634,"minecraft:damage_taken":523,"minecraft:walk_one_cm":452372,"minecraft:drop":69,"minecraft:damage_dealt":7785,"minecraft:damage_dealt_absorbed":80,"minecraft:player_kills":1,"minecraft:swim_one_cm":10088,"minecraft:fly_one_cm":118042,"minecraft:open_chest":26,"minecraft:crouch_one_cm":6938,"minecraft:play_time":123311,"minecraft:sneak_time":2328,"minecraft:boat_one_cm":72630,"minecraft:walk_under_water_one_cm":5145,"minecraft:jump":1871,"minecraft:walk_on_water_one_cm":3509,"minecraft:total_world_time":123311,"minecraft:fall_one_cm":29450}},"DataVersion":3465}