{"stats":{"minecraft:crafted":{"mutantmonsters:mutant_skeleton_leggings":1,"minecraft:oak_planks":304,"minecraft:barrel":2,"mekanismgenerators:solar_generator":4,"mekanism:digital_miner":1,"mekanismtools:osmium_shield":1,"mekanism:ingot_osmium":161,"mekanismtools:refined_obsidian_pickaxe":1,"hangglider:hang_glider":1,"mekanism:atomic_disassembler":1,"mekanismtools:osmium_chestplate":1,"mekanism:advanced_energy_cube":1,"mekanism:logistical_sorter":2,"mekanismgenerators:heat_generator":1,"minecraft:cooked_mutton":9,"mutantmonsters:mutant_skeleton_arms":1,"minecraft:glass":60,"mutantmonsters:mutant_skeleton_boots":1,"mekanismtools:osmium_boots":1,"minecraft:chest":8,"mutantmonsters:mutant_skeleton_rib_cage":1,"mekanism:ingot_steel":16,"mekanismtools:refined_obsidian_helmet":1,"minecraft:oak_fence":24,"mekanism:energy_tablet":23,"mekanismtools:refined_obsidian_axe":1,"mekanismtools:osmium_pickaxe":1,"minecraft:oak_slab":6,"sophisticatedbackpacks:backpack":1,"minecraft:cooked_porkchop":19,"minecraft:crafting_table":5,"minecraft:wooden_pickaxe":2,"minecraft:baked_potato":65,"minecraft:copper_ingot":73,"minecraft:birch_planks":44,"mekanismtools:osmium_leggings":1,"mekanism:electric_bow":1,"mekanism:teleportation_core":3,"minecraft:wooden_hoe":1,"minecraft:diamond_pickaxe":1,"mekanism:steel_casing":5,"minecraft:shield":1,"minecraft:stick":344,"sophisticatedbackpacks:diamond_backpack":3,"minecraft:light_blue_dye":2,"minecraft:iron_ingot":227,"mekanismtools:refined_obsidian_leggings":1,"minecraft:iron_block":3,"minecraft:stone_sword":1,"minecraft:gold_ingot":67,"mekanismtools:refined_obsidian_boots":1,"mekanism:osmium_compressor":1,"mekanism:advanced_universal_cable":32,"hangglider:glider_framework":1,"minecraft:wooden_sword":2,"minecraft:oak_door":3,"mekanismtools:osmium_paxel":1,"mekanism:basic_universal_cable":72,"mekanismgenerators:wind_generator":4,"comforts:sleeping_bag_white":1,"mekanismtools:osmium_shovel":1,"mekanism:personal_barrel":1,"minecraft:furnace":12,"mekanism:energized_smelter":1,"minecraft:piston":2,"mekanism:portable_teleporter":1,"minecraft:bone_meal":84,"hangglider:glider_wing":2,"mekanism:basic_pressurized_tube":8,"minecraft:glass_pane":48,"mekanism:robit":1,"mutantmonsters:mutant_skeleton_chestplate":1,"mekanismtools:osmium_axe":1,"minecraft:ladder":66,"minecraft:stone_pickaxe":1,"mekanismgenerators:advanced_solar_generator":1,"mekanismtools:refined_obsidian_chestplate":1,"mekanismtools:osmium_helmet":1,"sophisticatedbackpacks:iron_backpack":1,"minecraft:cooked_beef":21,"mekanismtools:refined_obsidian_paxel":1,"mekanism:metallurgic_infuser":1,"mekanismtools:refined_obsidian_shovel":1,"minecraft:iron_sword":1,"sophisticatedbackpacks:gold_backpack":1,"minecraft:bucket":4,"minecraft:stone_axe":1,"minecraft:air":0,"mekanism:upgrade_speed":6,"minecraft:blue_dye":2,"minecraft:oak_fence_gate":1,"minecraft:oak_boat":1,"mekanism:basic_energy_cube":1,"minecraft:white_dye":18,"mekanism:enrichment_chamber":1,"mekanism:upgrade_energy":5,"mekanism:advanced_control_circuit":2,"minecraft:anvil":1,"minecraft:torch":448,"mekanismgenerators:solar_panel":12},"minecraft:used":{"minecraft:ladder":47,"minecraft:chest":7,"minecraft:shield":2,"minecraft:iron_sword":2,"mekanism:digital_miner":6,"minecraft:rotten_flesh":13,"minecraft:iron_chestplate":1,"minecraft:mutton":1,"mekanismtools:refined_obsidian_leggings":1,"mekanism:basic_universal_cable":95,"mekanism:basic_energy_cube":4,"sophisticatedbackpacks:diamond_backpack":1,"mekanismgenerators:wind_generator":6,"mekanism:personal_barrel":5,"minecraft:stone_bricks":4,"minecraft:oak_sapling":2,"minecraft:furnace":11,"minecraft:potato":100,"mekanism:advanced_universal_cable":16,"mekanismtools:osmium_paxel":2605,"minecraft:oak_planks":1,"minecraft:stone_pickaxe":63,"minecraft:blackstone":16,"minecraft:wooden_pickaxe":66,"mekanism:electric_bow":28,"minecraft:golden_apple":1,"mekanism:advanced_energy_cube":2,"mekanismtools:osmium_shield":18,"mekanismtools:iron_paxel":4,"minecraft:bread":8,"mekanism:metallurgic_infuser":18,"mekanism:basic_pressurized_tube":5,"mekanismgenerators:advanced_solar_generator":1,"minecraft:wooden_sword":30,"mekanismgenerators:solar_generator":23,"minecraft:andesite":189,"minecraft:oak_boat":15,"minecraft:bone_meal":56,"mekanismtools:osmium_chestplate":1,"minecraft:oak_fence":24,"mekanism:enrichment_chamber":11,"minecraft:stone_sword":63,"minecraft:oak_door":1,"minecraft:torch":497,"minecraft:dirt":298,"minecraft:anvil":2,"mekanism:osmium_compressor":4,"minecraft:oak_fence_gate":2,"mekanismgenerators:heat_generator":1,"comforts:sleeping_bag_white":42,"minecraft:cooked_beef":15,"minecraft:cobbled_deepslate":112,"minecraft:wheat_seeds":2,"minecraft:cooked_mutton":9,"minecraft:water_bucket":16,"minecraft:birch_planks":27,"minecraft:baked_potato":74,"minecraft:crafting_table":16,"minecraft:red_bed":2,"minecraft:diamond_pickaxe":50,"minecraft:wooden_hoe":20,"minecraft:apple":1,"mekanism:atomic_disassembler":1221,"mekanism:energized_smelter":8,"minecraft:stone_axe":59,"minecraft:cobblestone":421,"minecraft:porkchop":3,"minecraft:cooked_porkchop":8,"minecraft:bucket":18,"mekanismtools:refined_obsidian_paxel":1514},"minecraft:dropped":{"minecraft:birch_planks":3,"minecraft:cooked_beef":26,"minecraft:oak_log":36,"alexsmobs:rocky_shell":1,"mekanism:atomic_disassembler":1,"minecraft:leather":1,"mekanism:electric_bow":3,"mutantmonsters:mutant_skeleton_shoulder_pad":1,"minecraft:flint":10,"minecraft:gold_block":1,"minecraft:dirt":61,"minecraft:yellow_dye":1,"mekanismtools:osmium_paxel":7,"minecraft:wooden_sword":1,"minecraft:amethyst_shard":1,"mekanismtools:iron_paxel":1,"minecraft:gold_ingot":9,"minecraft:bone":19,"minecraft:gravel":2,"minecraft:stone_axe":1,"hangglider:hang_glider":2,"alexsmobs:animal_dictionary":2,"minecraft:wheat":2,"minecraft:birch_sapling":1,"mekanism:digital_miner":2,"minecraft:rotten_flesh":23,"minecraft:oak_planks":32,"minecraft:mossy_stone_brick_slab":2,"mekanism:raw_tin":9,"sophisticatedbackpacks:diamond_backpack":1,"minecraft:poppy":1,"minecraft:arrow":26,"minecraft:beef":2,"minecraft:egg":3,"minecraft:wheat_seeds":10,"minecraft:tnt":1,"minecraft:poisonous_potato":3,"minecraft:oak_fence":3,"minecraft:iron_helmet":3,"minecraft:cobblestone":798,"mutantmonsters:mutant_skeleton_boots":1,"minecraft:spectral_arrow":9,"minecraft:apple":8,"minecraft:coal":16,"mekanismtools:refined_obsidian_paxel":1,"minecraft:stick":11,"minecraft:wooden_hoe":1,"minecraft:torch":60,"minecraft:iron_leggings":2,"mekanism:raw_lead":3,"minecraft:string":2,"minecraft:redstone":20,"minecraft:smooth_basalt":2,"mekanismtools:osmium_shield":2,"minecraft:raw_copper":35,"minecraft:tuff":4,"minecraft:raw_iron":9,"minecraft:clay_ball":4,"minecraft:iron_boots":1,"sophisticatedbackpacks:backpack":3,"alexsmobs:bear_fur":1,"mutantmonsters:mutant_skeleton_chestplate":1,"minecraft:potato":16,"minecraft:shield":1,"alexsmobs:cockroach_wing_fragment":1,"mutantmonsters:mutant_skeleton_limb":7,"minecraft:iron_chestplate":3,"minecraft:andesite":8,"minecraft:yellow_bed":1,"mutantmonsters:mutant_skeleton_leggings":1,"sophisticatedbackpacks:copper_backpack":1,"minecraft:bow":5,"minecraft:stone_pickaxe":1,"minecraft:wooden_pickaxe":3,"mutantmonsters:mutant_skeleton_rib":3,"mutantmonsters:mutant_skeleton_skull":2},"minecraft:killed_by":{"minecraft:player":1},"minecraft:broken":{"minecraft:wooden_sword":1},"minecraft:picked_up":{"minecraft:iron_chestplate":3,"minecraft:wheat":2,"minecraft:anvil":1,"mekanism:raw_uranium":99,"minecraft:stone_brick_stairs":2,"minecraft:string":121,"mutantmonsters:mutant_skeleton_skull":3,"minecraft:raw_copper":205,"minecraft:iron_leggings":2,"minecraft:cobbled_deepslate":295,"mekanism:basic_universal_cable":62,"minecraft:bucket":3,"comforts:sleeping_bag_white":44,"minecraft:cobblestone_slab":5,"minecraft:calcite":1,"hangglider:hang_glider":3,"minecraft:iron_boots":1,"minecraft:furnace":3,"minecraft:stick":52,"minecraft:oak_fence":23,"minecraft:torch":105,"minecraft:acacia_log":2,"minecraft:porkchop":23,"minecraft:pointed_dripstone":6,"mekanismgenerators:solar_generator":23,"mekanism:personal_barrel":1,"mekanism:raw_tin":24,"mutantmonsters:mutant_skeleton_pelvis":1,"minecraft:rotten_flesh":71,"mekanism:ingot_osmium":4,"mutantmonsters:mutant_skeleton_shoulder_pad":3,"minecraft:obsidian":36,"minecraft:cobblestone":1720,"minecraft:birch_log":11,"minecraft:feather":11,"minecraft:cooked_beef":21,"minecraft:andesite":361,"minecraft:potato":226,"alexsmobs:bear_fur":2,"minecraft:flint":16,"minecraft:tuff":30,"alexsmobs:rocky_shell":1,"minecraft:lapis_lazuli":289,"minecraft:dirt":549,"mekanismtools:iron_paxel":1,"minecraft:bone":74,"minecraft:bow":7,"minecraft:wheat_seeds":34,"minecraft:raw_gold":58,"minecraft:light_blue_dye":1,"minecraft:oak_planks":62,"mekanism:metallurgic_infuser":17,"mekanismtools:osmium_chestplate":1,"minecraft:poisonous_potato":3,"minecraft:sand":152,"minecraft:ink_sac":2,"minecraft:grass_block":2,"mutantmonsters:mutant_skeleton_leggings":1,"minecraft:spectral_arrow":9,"alexsmobs:animal_dictionary":2,"mekanism:digital_miner":7,"minecraft:diamond":37,"minecraft:writable_book":1,"minecraft:emerald":2,"mekanism:advanced_energy_cube":1,"minecraft:bread":15,"minecraft:oak_sapling":4,"mekanismtools:osmium_paxel":8,"minecraft:crafting_table":13,"minecraft:chicken":2,"minecraft:ladder":1,"minecraft:clay_ball":124,"minecraft:wooden_pickaxe":2,"minecraft:gold_block":2,"minecraft:shield":1,"minecraft:red_bed":2,"mekanism:energized_smelter":7,"minecraft:blackstone":40,"minecraft:beef":23,"minecraft:oak_boat":16,"minecraft:poppy":2,"minecraft:chest":2,"minecraft:birch_sapling":1,"minecraft:egg":3,"minecraft:raw_iron":222,"mekanism:basic_pressurized_tube":5,"mekanism:electric_bow":3,"sophisticatedbackpacks:backpack":4,"mekanism:basic_energy_cube":4,"minecraft:redstone":356,"minecraft:tnt":1,"mekanismtools:osmium_helmet":1,"minecraft:arrow":100,"minecraft:weeping_vines":1,"mekanism:osmium_compressor":3,"minecraft:hay_block":1,"mutantmonsters:mutant_skeleton_rib":9,"minecraft:gold_ingot":5,"sophisticatedbackpacks:copper_backpack":2,"minecraft:mutton":10,"minecraft:rail":7,"minecraft:white_wool":7,"minecraft:stripped_oak_log":6,"mekanism:raw_lead":63,"minecraft:glow_ink_sac":12,"minecraft:leather":12,"minecraft:yellow_dye":1,"minecraft:birch_planks":3,"mutantmonsters:mutant_skeleton_chestplate":1,"minecraft:oak_log":108,"minecraft:yellow_bed":1,"minecraft:gunpowder":10,"mutantmonsters:mutant_skeleton_limb":15,"minecraft:wooden_hoe":2,"minecraft:paper":10,"mekanism:enrichment_chamber":11,"minecraft:apple":9,"minecraft:stone_bricks":4,"alexsmobs:cockroach_wing_fragment":1,"minecraft:iron_ingot":7,"minecraft:oak_fence_gate":1,"minecraft:cobweb":2,"sophisticatedbackpacks:diamond_backpack":2,"minecraft:book":3,"minecraft:smooth_basalt":13,"minecraft:pumpkin":1,"mekanismtools:refined_obsidian_paxel":1,"minecraft:gravel":45,"minecraft:amethyst_shard":1,"mekanism:atomic_disassembler":1,"minecraft:mossy_stone_brick_slab":2,"mekanism:raw_osmium":233,"minecraft:spider_eye":13,"mekanismgenerators:wind_generator":2,"mekanismtools:osmium_leggings":1,"mekanismtools:osmium_boots":1,"mekanismtools:osmium_shield":3,"minecraft:iron_helmet":3,"mekanism:fluorite_gem":3,"mutantmonsters:mutant_skeleton_boots":1,"mekanismtools:osmium_pickaxe":1,"minecraft:baked_potato":6,"minecraft:coal":564,"minecraft:ender_pearl":3},"minecraft:killed":{"minecraft:cave_spider":20,"minecraft:witch":1,"minecraft:spider":11,"minecraft:skeleton":61,"minecraft:bee":3,"minecraft:chicken":2,"alexsmobs:centipede_head":2,"minecraft:pig":14,"mekanismadditions:baby_enderman":1,"alexsmobs:grizzly_bear":1,"minecraft:zombie_villager":4,"mekanismadditions:baby_creeper":1,"mutantmonsters:mutant_skeleton":2,"minecraft:creeper":16,"minecraft:sheep":7,"minecraft:zombie":64,"alexsmobs:terrapin":1,"minecraft:blaze":2,"minecraft:cow":11,"mekanismadditions:baby_skeleton":12,"minecraft:drowned":1,"alexsmobs:rocky_roller":2,"alexsmobs:skunk":2,"minecraft:squid":1,"alexsmobs:cockroach":1,"alexsmobs:crow":5,"minecraft:enderman":2},"minecraft:custom":{"minecraft:interact_with_crafting_table":255,"minecraft:open_barrel":22,"goblintraders:trade_with_goblin":16,"minecraft:leave_game":9,"minecraft:time_since_death":802991,"minecraft:sprint_one_cm":1478038,"minecraft:damage_blocked_by_shield":570,"minecraft:drop":282,"minecraft:talked_to_villager":1,"minecraft:play_time":1167031,"minecraft:deaths":1,"minecraft:jump":9983,"minecraft:walk_on_water_one_cm":93913,"minecraft:interact_with_furnace":238,"minecraft:sleep_in_bed":60,"minecraft:damage_dealt":45117,"minecraft:player_kills":2,"minecraft:crouch_one_cm":66073,"minecraft:horse_one_cm":7905,"minecraft:interact_with_anvil":7,"minecraft:mob_kills":255,"minecraft:damage_dealt_resisted":102,"minecraft:climb_one_cm":61844,"minecraft:walk_one_cm":3326406,"minecraft:damage_dealt_absorbed":364,"minecraft:sneak_time":27361,"minecraft:walk_under_water_one_cm":51180,"minecraft:boat_one_cm":305428,"minecraft:total_world_time":1167031,"minecraft:interact_with_grindstone":3,"minecraft:time_since_rest":9885,"minecraft:damage_absorbed":40,"minecraft:damage_taken":5432,"minecraft:swim_one_cm":42432,"minecraft:fly_one_cm":1610722,"minecraft:open_chest":196,"minecraft:fall_one_cm":113523},"minecraft:mined":{"mekanismgenerators:wind_generator":2,"minecraft:farmland":1,"mekanism:energized_smelter":7,"minecraft:obsidian":36,"minecraft:acacia_log":2,"minecraft:grass_block":211,"mekanism:osmium_compressor":3,"minecraft:spawner":2,"minecraft:iron_ore":147,"mekanism:digital_miner":5,"minecraft:cobbled_deepslate":3,"minecraft:fire":3,"minecraft:pumpkin":1,"minecraft:anvil":1,"minecraft:deepslate_lapis_ore":28,"mekanism:advanced_energy_cube":1,"minecraft:deepslate_redstone_ore":74,"mekanism:osmium_ore":157,"minecraft:red_bed":1,"minecraft:blackstone":43,"mekanism:enrichment_chamber":11,"minecraft:clay":36,"minecraft:torch":14,"minecraft:calcite":1,"minecraft:poppy":2,"minecraft:chest":2,"minecraft:dead_bush":1,"mekanism:tin_ore":15,"minecraft:cobblestone":57,"minecraft:oak_planks":26,"minecraft:wall_torch":23,"minecraft:seagrass":2,"sophisticatedbackpacks:diamond_backpack":1,"mekanism:fluorite_ore":1,"minecraft:birch_log":11,"minecraft:wheat":1,"minecraft:tnt":1,"minecraft:stone_brick_stairs":2,"minecraft:grass":74,"mekanism:deepslate_tin_ore":2,"minecraft:oak_log":75,"mekanism:lead_ore":41,"minecraft:oak_fence_gate":1,"minecraft:sand":155,"minecraft:dirt":203,"minecraft:smooth_basalt":12,"mekanism:basic_universal_cable":62,"minecraft:oak_leaves":8,"minecraft:deepslate":320,"minecraft:tuff":20,"minecraft:deepslate_diamond_ore":37,"mekanismgenerators:solar_generator":23,"mekanism:deepslate_osmium_ore":80,"minecraft:glow_lichen":1,"minecraft:ladder":1,"mekanism:personal_barrel":1,"minecraft:redstone_ore":8,"minecraft:furnace":3,"minecraft:andesite":438,"minecraft:gold_block":1,"minecraft:potatoes":55,"minecraft:deepslate_iron_ore":71,"minecraft:rail":6,"minecraft:stripped_oak_log":7,"mekanism:basic_pressurized_tube":5,"minecraft:stone":1549,"mekanism:deepslate_lead_ore":19,"minecraft:acacia_leaves":7,"mekanism:basic_energy_cube":4,"minecraft:oak_fence":19,"minecraft:crafting_table":13,"minecraft:copper_ore":52,"minecraft:tall_grass":69,"minecraft:deepslate_coal_ore":1,"minecraft:deepslate_gold_ore":49,"minecraft:lapis_ore":16,"mekanism:metallurgic_infuser":17,"minecraft:birch_leaves":17,"minecraft:coal_ore":542,"minecraft:gravel":51,"minecraft:cobweb":95,"mekanism:deepslate_uranium_ore":100,"minecraft:stone_bricks":4,"minecraft:gold_ore":9}},"DataVersion":3465}