{"stats":{"minecraft:broken":{"minecraft:stone_pickaxe":1,"minecraft:stone_axe":1,"minecraft:iron_pickaxe":3,"minecraft:iron_helmet":1,"minecraft:stone_shovel":3},"minecraft:dropped":{"minecraft:iron_sword":2,"minecraft:birch_planks":1,"minecraft:oak_log":5,"minecraft:baked_potato":45,"minecraft:decorated_pot":1,"minecraft:poisonous_potato":1,"minecraft:orange_tulip":4,"minecraft:iron_helmet":1,"minecraft:cobblestone":1,"minecraft:glow_berries":19,"minecraft:deepslate_tile_slab":1,"minecraft:oxeye_daisy":1,"minecraft:dirt":57,"alexsmobs:flying_fish":4,"minecraft:iron_leggings":1,"minecraft:sunflower":1,"minecraft:iron_pickaxe":2,"minecraft:pink_tulip":2,"minecraft:white_tulip":1,"minecraft:kelp":9,"minecraft:sweet_berries":2,"alexsmobs:animal_dictionary":1,"minecraft:stone_sword":1,"minecraft:cobblestone_wall":3,"minecraft:stone_shovel":1,"minecraft:raw_iron":1,"minecraft:rotten_flesh":21,"minecraft:iron_boots":1,"minecraft:stone_slab":2,"minecraft:cooked_mutton":2,"minecraft:white_bed":1,"alexsmobs:bear_fur":2,"minecraft:poppy":1,"minecraft:allium":4,"minecraft:iron_chestplate":1,"minecraft:spider_eye":1,"minecraft:spruce_log":4},"minecraft:custom":{"minecraft:interact_with_anvil":5,"minecraft:mob_kills":106,"minecraft:interact_with_crafting_table":91,"minecraft:open_barrel":20,"minecraft:leave_game":7,"minecraft:time_since_death":19020,"minecraft:climb_one_cm":17588,"minecraft:sprint_one_cm":896071,"minecraft:walk_one_cm":1771588,"minecraft:damage_blocked_by_shield":95,"minecraft:drop":110,"minecraft:talked_to_villager":1,"minecraft:play_time":559481,"minecraft:sneak_time":5350,"minecraft:deaths":3,"minecraft:walk_under_water_one_cm":78081,"minecraft:boat_one_cm":938430,"minecraft:jump":4896,"minecraft:walk_on_water_one_cm":74581,"minecraft:total_world_time":559481,"minecraft:interact_with_furnace":138,"minecraft:interact_with_cartography_table":1,"minecraft:sleep_in_bed":36,"minecraft:time_since_rest":7265,"minecraft:damage_taken":4275,"minecraft:damage_dealt":16524,"minecraft:player_kills":1,"minecraft:swim_one_cm":115046,"minecraft:fly_one_cm":475131,"minecraft:open_chest":184,"minecraft:crouch_one_cm":8969,"minecraft:fall_one_cm":91133},"minecraft:picked_up":{"minecraft:iron_chestplate":1,"minecraft:charcoal":2,"minecraft:allium":5,"minecraft:crafting_table":2,"minecraft:wheat":2,"minecraft:azure_bluet":1,"minecraft:ladder":1,"minecraft:stone_slab":4,"minecraft:stone_brick_wall":1,"minecraft:shield":1,"minecraft:iron_axe":1,"minecraft:string":14,"minecraft:raw_copper":53,"minecraft:iron_leggings":1,"minecraft:iron_shovel":1,"minecraft:beef":22,"minecraft:white_tulip":2,"minecraft:poppy":3,"minecraft:iron_pickaxe":4,"minecraft:birch_sapling":8,"minecraft:iron_boots":1,"minecraft:furnace":7,"minecraft:egg":1,"minecraft:stick":21,"minecraft:raw_iron":132,"minecraft:oak_door":1,"minecraft:oak_fence":6,"minecraft:torch":78,"minecraft:green_bed":9,"minecraft:spruce_stairs":4,"sophisticatedbackpacks:backpack":3,"minecraft:carrot":1,"mekanism:raw_tin":29,"minecraft:stone_sword":2,"minecraft:arrow":28,"minecraft:stone_shovel":5,"minecraft:rotten_flesh":22,"minecraft:decorated_pot":1,"minecraft:peony":2,"minecraft:pink_tulip":4,"minecraft:mutton":11,"minecraft:cobblestone":615,"alexsmobs:flying_fish":7,"minecraft:white_wool":6,"minecraft:stripped_oak_log":1,"minecraft:oxeye_daisy":1,"minecraft:birch_log":217,"minecraft:magma_block":8,"minecraft:feather":4,"minecraft:cooked_beef":19,"mekanism:raw_lead":14,"minecraft:andesite":7,"minecraft:leather":5,"minecraft:potato":357,"alexsmobs:bear_fur":6,"alexsmobs:bison_fur":1,"minecraft:flint":5,"minecraft:oak_log":189,"minecraft:cobblestone_wall":4,"minecraft:gunpowder":11,"minecraft:lapis_lazuli":51,"minecraft:deepslate_tile_slab":3,"minecraft:dirt":704,"minecraft:cooked_mutton":9,"minecraft:bone":21,"minecraft:apple":1,"minecraft:bow":2,"minecraft:kelp":9,"minecraft:wheat_seeds":20,"minecraft:orange_tulip":8,"minecraft:oak_fence_gate":1,"minecraft:cooked_chicken":6,"minecraft:iron_sword":3,"minecraft:oak_planks":9,"minecraft:cooked_porkchop":10,"minecraft:birch_boat":5,"minecraft:pumpkin":9,"minecraft:sweet_berries":7,"minecraft:dandelion":1,"minecraft:poisonous_potato":1,"minecraft:gravel":27,"minecraft:ink_sac":3,"minecraft:white_bed":2,"minecraft:spruce_log":4,"mekanism:raw_osmium":42,"minecraft:spider_eye":4,"minecraft:mossy_cobblestone":1,"alexsmobs:animal_dictionary":1,"minecraft:leather_helmet":1,"minecraft:purple_bed":2,"minecraft:stone_axe":1,"minecraft:iron_helmet":2,"minecraft:spruce_sign":4,"minecraft:baked_potato":40,"minecraft:oak_sapling":22,"minecraft:black_wool":2,"minecraft:coal":373,"minecraft:sunflower":1},"minecraft:used":{"minecraft:oak_fence":42,"minecraft:iron_shovel":6,"minecraft:stone_sword":57,"minecraft:stone_shovel":498,"minecraft:ladder":45,"minecraft:chest":8,"minecraft:shield":4,"minecraft:iron_sword":345,"minecraft:wooden_shovel":47,"minecraft:cooked_chicken":3,"minecraft:iron_chestplate":1,"minecraft:oak_door":3,"minecraft:torch":116,"minecraft:dirt":340,"minecraft:birch_pressure_plate":1,"minecraft:anvil":1,"minecraft:carrot":1,"minecraft:allium":1,"minecraft:azure_bluet":1,"minecraft:oak_fence_gate":3,"minecraft:wooden_axe":32,"minecraft:iron_axe":202,"minecraft:birch_sapling":2,"minecraft:iron_boots":1,"minecraft:bow":13,"minecraft:sweet_berries":2,"minecraft:oak_sapling":9,"minecraft:furnace":14,"minecraft:egg":1,"minecraft:potato":161,"minecraft:cooked_beef":7,"minecraft:cooked_mutton":8,"minecraft:wheat_seeds":4,"minecraft:water_bucket":19,"minecraft:baked_potato":59,"minecraft:oak_planks":5,"minecraft:stone_pickaxe":170,"minecraft:orange_tulip":4,"minecraft:wooden_pickaxe":37,"minecraft:birch_boat":5,"minecraft:green_bed":8,"minecraft:glow_berries":14,"minecraft:crafting_table":3,"minecraft:white_bed":2,"minecraft:apple":1,"minecraft:wooden_hoe":41,"sophisticatedbackpacks:backpack":1,"minecraft:iron_pickaxe":986,"minecraft:oak_pressure_plate":1,"minecraft:gravel":7,"minecraft:stone_axe":133,"minecraft:fishing_rod":14,"minecraft:wooden_sword":22,"minecraft:cobblestone":274,"minecraft:purple_bed":1,"minecraft:birch_log":31,"minecraft:bucket":20,"alexsmobs:animal_dictionary":1,"minecraft:dandelion":1,"minecraft:bone_meal":63},"minecraft:mined":{"minecraft:white_bed":1,"minecraft:farmland":1,"minecraft:mossy_cobblestone":1,"minecraft:oak_door":1,"minecraft:ladder":1,"minecraft:stone_brick_wall":1,"minecraft:grass_block":120,"minecraft:decorated_pot":1,"minecraft:spruce_leaves":2,"minecraft:oxeye_daisy":1,"minecraft:large_fern":2,"minecraft:magma_block":12,"minecraft:furnace":7,"minecraft:iron_ore":118,"minecraft:andesite":6,"minecraft:pumpkin":9,"minecraft:peony":5,"minecraft:potatoes":93,"minecraft:oak_stairs":1,"minecraft:stripped_oak_log":1,"minecraft:stone":542,"sophisticatedbackpacks:backpack":1,"minecraft:green_bed":8,"mekanism:osmium_ore":40,"minecraft:deepslate_tile_slab":1,"minecraft:oak_fence":6,"minecraft:crafting_table":2,"minecraft:torch":21,"minecraft:mossy_cobblestone_wall":1,"minecraft:poppy":2,"mekanism:tin_ore":29,"minecraft:campfire":1,"minecraft:stone_slab":2,"minecraft:copper_ore":11,"minecraft:tall_grass":22,"minecraft:cobblestone":47,"minecraft:lapis_ore":8,"minecraft:oak_planks":5,"minecraft:wall_torch":16,"minecraft:spruce_stairs":1,"minecraft:purple_bed":2,"minecraft:cobblestone_wall":1,"minecraft:birch_log":129,"minecraft:wheat":9,"minecraft:sweet_berry_bush":3,"minecraft:spruce_log":4,"minecraft:birch_leaves":30,"minecraft:grass":40,"minecraft:coal_ore":317,"minecraft:oak_log":144,"mekanism:lead_ore":12,"minecraft:oak_fence_gate":1,"minecraft:gravel":16,"minecraft:sunflower":2,"minecraft:dirt":471,"minecraft:oak_leaves":99,"minecraft:fern":1},"minecraft:crafted":{"minecraft:wooden_sword":1,"minecraft:oak_door":3,"minecraft:oak_planks":478,"minecraft:raw_iron":18,"minecraft:stone_shovel":1,"minecraft:fishing_rod":1,"mekanism:ingot_osmium":40,"minecraft:oak_pressure_plate":1,"minecraft:birch_boat":1,"minecraft:furnace":8,"minecraft:bone_meal":63,"minecraft:cooked_mutton":9,"minecraft:bow":1,"minecraft:iron_boots":2,"minecraft:iron_axe":1,"minecraft:ladder":117,"minecraft:stone_pickaxe":2,"minecraft:chest":8,"minecraft:oak_fence":42,"minecraft:cooked_beef":7,"minecraft:wooden_shovel":1,"minecraft:crafting_table":2,"minecraft:iron_helmet":2,"minecraft:wooden_pickaxe":1,"minecraft:baked_potato":139,"minecraft:birch_pressure_plate":1,"minecraft:bucket":1,"minecraft:birch_planks":40,"minecraft:stone_axe":1,"minecraft:air":0,"minecraft:oak_fence_gate":2,"minecraft:iron_chestplate":1,"minecraft:wooden_hoe":2,"minecraft:charcoal":12,"minecraft:shield":1,"minecraft:iron_shovel":1,"minecraft:birch_fence":3,"minecraft:stick":420,"minecraft:iron_pickaxe":5,"minecraft:iron_ingot":162,"minecraft:wooden_axe":1,"minecraft:iron_block":3,"minecraft:stone_sword":2,"minecraft:iron_leggings":2,"minecraft:anvil":1,"minecraft:white_bed":1,"minecraft:torch":100},"minecraft:killed_by":{"minecraft:creeper":1},"minecraft:killed":{"minecraft:cave_spider":3,"minecraft:spider":11,"minecraft:skeleton":17,"minecraft:chicken":3,"alexsmobs:bison":1,"alexsmobs:flying_fish":3,"minecraft:pig":3,"mekanismadditions:baby_enderman":1,"alexsmobs:grizzly_bear":3,"minecraft:bat":1,"minecraft:creeper":8,"minecraft:sheep":8,"alexsmobs:gelada_monkey":2,"minecraft:zombie":20,"alexsmobs:fly":1,"minecraft:cow":7}},"DataVersion":3465}