{"stats":{"minecraft:broken":{"minecraft:stone_pickaxe":1,"minecraft:iron_pickaxe":3,"minecraft:iron_helmet":1,"minecraft:stone_shovel":3},"minecraft:dropped":{"minecraft:iron_sword":2,"minecraft:oak_log":5,"minecraft:baked_potato":44,"minecraft:decorated_pot":1,"minecraft:poisonous_potato":1,"minecraft:orange_tulip":4,"minecraft:iron_helmet":1,"minecraft:glow_berries":19,"minecraft:oxeye_daisy":1,"minecraft:dirt":54,"minecraft:iron_leggings":1,"minecraft:sunflower":1,"minecraft:iron_pickaxe":2,"minecraft:pink_tulip":2,"minecraft:white_tulip":1,"minecraft:kelp":9,"minecraft:sweet_berries":2,"minecraft:stone_sword":1,"minecraft:cobblestone_wall":2,"minecraft:stone_shovel":1,"minecraft:raw_iron":1,"minecraft:rotten_flesh":6,"minecraft:iron_boots":1,"minecraft:cooked_mutton":2,"minecraft:white_bed":1,"alexsmobs:bear_fur":2,"minecraft:poppy":1,"minecraft:allium":4,"minecraft:iron_chestplate":1,"minecraft:spruce_log":4,"minecraft:spider_eye":1},"minecraft:custom":{"minecraft:interact_with_anvil":4,"minecraft:mob_kills":106,"minecraft:interact_with_crafting_table":84,"minecraft:open_barrel":20,"minecraft:leave_game":6,"minecraft:time_since_death":370392,"minecraft:climb_one_cm":16272,"minecraft:sprint_one_cm":801688,"minecraft:walk_one_cm":1639744,"minecraft:damage_blocked_by_shield":95,"minecraft:drop":91,"minecraft:talked_to_villager":1,"minecraft:play_time":487183,"minecraft:sneak_time":4680,"minecraft:deaths":1,"minecraft:walk_under_water_one_cm":71371,"minecraft:boat_one_cm":938430,"minecraft:jump":4365,"minecraft:walk_on_water_one_cm":69927,"minecraft:total_world_time":487183,"minecraft:interact_with_furnace":124,"minecraft:interact_with_cartography_table":1,"minecraft:sleep_in_bed":30,"minecraft:time_since_rest":1279,"minecraft:damage_taken":3446,"minecraft:damage_dealt":16524,"minecraft:player_kills":1,"minecraft:swim_one_cm":114205,"minecraft:fly_one_cm":410593,"minecraft:open_chest":106,"minecraft:crouch_one_cm":6165,"minecraft:fall_one_cm":71245},"minecraft:picked_up":{"minecraft:crafting_table":1,"minecraft:wheat":2,"minecraft:allium":5,"minecraft:azure_bluet":1,"minecraft:ladder":1,"minecraft:stone_slab":2,"minecraft:stone_brick_wall":1,"minecraft:string":14,"minecraft:raw_copper":53,"minecraft:beef":22,"minecraft:white_tulip":2,"minecraft:poppy":3,"minecraft:iron_pickaxe":2,"minecraft:birch_sapling":4,"minecraft:egg":1,"minecraft:furnace":3,"minecraft:stick":6,"minecraft:raw_iron":132,"minecraft:oak_door":1,"minecraft:oak_fence":6,"minecraft:torch":48,"minecraft:green_bed":8,"minecraft:spruce_stairs":4,"sophisticatedbackpacks:backpack":2,"minecraft:carrot":1,"mekanism:raw_tin":29,"minecraft:stone_sword":2,"minecraft:arrow":22,"minecraft:stone_shovel":5,"minecraft:rotten_flesh":20,"minecraft:decorated_pot":1,"minecraft:peony":2,"minecraft:pink_tulip":4,"minecraft:mutton":11,"minecraft:stripped_oak_log":1,"alexsmobs:flying_fish":5,"minecraft:white_wool":6,"minecraft:cobblestone":582,"minecraft:oxeye_daisy":1,"minecraft:birch_log":8,"minecraft:magma_block":8,"minecraft:feather":4,"minecraft:cooked_beef":4,"mekanism:raw_lead":14,"minecraft:andesite":7,"minecraft:leather":5,"alexsmobs:bison_fur":1,"minecraft:potato":245,"alexsmobs:bear_fur":6,"minecraft:flint":5,"minecraft:oak_log":124,"minecraft:cobblestone_wall":3,"minecraft:gunpowder":11,"minecraft:lapis_lazuli":51,"minecraft:deepslate_tile_slab":2,"minecraft:dirt":691,"minecraft:cooked_mutton":7,"minecraft:bone":21,"minecraft:apple":1,"minecraft:bow":1,"minecraft:kelp":9,"minecraft:wheat_seeds":20,"minecraft:orange_tulip":8,"minecraft:oak_fence_gate":1,"minecraft:cooked_chicken":6,"minecraft:iron_sword":1,"minecraft:oak_planks":9,"minecraft:cooked_porkchop":10,"minecraft:birch_boat":5,"minecraft:pumpkin":9,"minecraft:sweet_berries":7,"minecraft:dandelion":1,"minecraft:poisonous_potato":1,"minecraft:gravel":27,"minecraft:mossy_cobblestone":1,"minecraft:ink_sac":3,"minecraft:white_bed":2,"minecraft:spruce_log":4,"mekanism:raw_osmium":42,"minecraft:spider_eye":4,"alexsmobs:animal_dictionary":1,"minecraft:leather_helmet":1,"minecraft:purple_bed":2,"minecraft:stone_axe":1,"minecraft:iron_helmet":1,"minecraft:spruce_sign":4,"minecraft:baked_potato":1,"minecraft:oak_sapling":11,"minecraft:black_wool":2,"minecraft:coal":329,"minecraft:sunflower":1},"minecraft:used":{"minecraft:oak_fence":42,"minecraft:stone_sword":57,"minecraft:stone_shovel":498,"minecraft:ladder":45,"minecraft:chest":4,"minecraft:shield":4,"minecraft:iron_sword":343,"minecraft:wooden_shovel":47,"minecraft:cooked_chicken":3,"minecraft:iron_chestplate":1,"minecraft:oak_door":3,"minecraft:torch":100,"minecraft:dirt":236,"minecraft:birch_pressure_plate":1,"minecraft:anvil":1,"minecraft:carrot":1,"minecraft:oak_fence_gate":3,"minecraft:wooden_axe":32,"minecraft:birch_sapling":2,"minecraft:iron_boots":1,"minecraft:bow":13,"minecraft:sweet_berries":2,"minecraft:oak_sapling":9,"minecraft:furnace":8,"minecraft:potato":112,"minecraft:cooked_beef":7,"minecraft:wheat_seeds":4,"minecraft:cooked_mutton":8,"minecraft:water_bucket":19,"minecraft:baked_potato":53,"minecraft:oak_planks":5,"minecraft:stone_pickaxe":170,"minecraft:birch_boat":5,"minecraft:wooden_pickaxe":37,"minecraft:green_bed":7,"minecraft:glow_berries":14,"minecraft:crafting_table":2,"minecraft:white_bed":2,"minecraft:wooden_hoe":41,"sophisticatedbackpacks:backpack":1,"minecraft:apple":1,"minecraft:iron_pickaxe":946,"minecraft:oak_pressure_plate":1,"minecraft:gravel":7,"minecraft:stone_axe":112,"minecraft:fishing_rod":14,"minecraft:wooden_sword":22,"minecraft:cobblestone":269,"minecraft:purple_bed":1,"minecraft:bucket":20,"alexsmobs:animal_dictionary":1,"minecraft:bone_meal":63},"minecraft:mined":{"minecraft:white_bed":1,"minecraft:farmland":1,"minecraft:mossy_cobblestone":1,"minecraft:oak_door":1,"minecraft:ladder":1,"minecraft:stone_brick_wall":1,"minecraft:grass_block":112,"minecraft:decorated_pot":1,"minecraft:spruce_leaves":2,"minecraft:large_fern":1,"minecraft:magma_block":12,"minecraft:furnace":3,"minecraft:iron_ore":118,"minecraft:andesite":6,"minecraft:pumpkin":9,"minecraft:peony":3,"minecraft:potatoes":63,"minecraft:oak_stairs":1,"minecraft:stripped_oak_log":1,"minecraft:stone":536,"sophisticatedbackpacks:backpack":1,"minecraft:green_bed":7,"mekanism:osmium_ore":40,"minecraft:deepslate_tile_slab":1,"minecraft:oak_fence":6,"minecraft:crafting_table":1,"minecraft:torch":16,"minecraft:mossy_cobblestone_wall":1,"minecraft:poppy":2,"mekanism:tin_ore":29,"minecraft:stone_slab":2,"minecraft:copper_ore":11,"minecraft:tall_grass":21,"minecraft:cobblestone":21,"minecraft:lapis_ore":8,"minecraft:oak_planks":5,"minecraft:wall_torch":15,"minecraft:spruce_stairs":1,"minecraft:purple_bed":2,"minecraft:cobblestone_wall":1,"minecraft:birch_log":8,"minecraft:wheat":9,"minecraft:sweet_berry_bush":3,"minecraft:spruce_log":4,"minecraft:birch_leaves":23,"minecraft:grass":38,"minecraft:oak_log":98,"minecraft:coal_ore":317,"mekanism:lead_ore":12,"minecraft:oak_fence_gate":1,"minecraft:sunflower":2,"minecraft:gravel":16,"minecraft:dirt":469,"minecraft:oak_leaves":11,"minecraft:fern":1},"minecraft:crafted":{"minecraft:wooden_sword":1,"minecraft:oak_door":3,"minecraft:oak_planks":390,"minecraft:raw_iron":18,"minecraft:stone_shovel":1,"minecraft:fishing_rod":1,"mekanism:ingot_osmium":40,"minecraft:birch_boat":1,"minecraft:oak_pressure_plate":1,"minecraft:furnace":5,"minecraft:bone_meal":63,"minecraft:cooked_mutton":9,"minecraft:bow":1,"minecraft:iron_boots":2,"minecraft:ladder":117,"minecraft:stone_pickaxe":2,"minecraft:chest":4,"minecraft:oak_fence":42,"minecraft:cooked_beef":7,"minecraft:wooden_shovel":1,"minecraft:crafting_table":2,"minecraft:iron_helmet":2,"minecraft:wooden_pickaxe":1,"minecraft:baked_potato":139,"minecraft:birch_pressure_plate":1,"minecraft:bucket":1,"minecraft:birch_planks":40,"minecraft:stone_axe":1,"minecraft:air":0,"minecraft:oak_fence_gate":2,"minecraft:wooden_hoe":2,"minecraft:iron_chestplate":1,"minecraft:charcoal":12,"minecraft:shield":1,"minecraft:birch_fence":3,"minecraft:stick":404,"minecraft:iron_ingot":162,"minecraft:iron_pickaxe":5,"minecraft:wooden_axe":1,"minecraft:iron_block":3,"minecraft:stone_sword":2,"minecraft:iron_leggings":2,"minecraft:anvil":1,"minecraft:white_bed":1,"minecraft:torch":100},"minecraft:killed_by":{"minecraft:creeper":1},"minecraft:killed":{"minecraft:cave_spider":3,"minecraft:spider":11,"minecraft:skeleton":17,"minecraft:chicken":3,"alexsmobs:bison":1,"alexsmobs:flying_fish":3,"minecraft:pig":3,"mekanismadditions:baby_enderman":1,"alexsmobs:grizzly_bear":3,"minecraft:bat":1,"minecraft:creeper":8,"minecraft:sheep":8,"alexsmobs:gelada_monkey":2,"minecraft:zombie":20,"alexsmobs:fly":1,"minecraft:cow":7}},"DataVersion":3465}