{"stats":{"minecraft:used":{"minecraft:iron_shovel":6,"minecraft:ladder":45,"minecraft:chest":8,"minecraft:shield":4,"minecraft:iron_sword":399,"minecraft:iron_chestplate":1,"minecraft:birch_pressure_plate":1,"mekanismtools:osmium_sword":1,"minecraft:carrot":1,"minecraft:allium":1,"minecraft:azure_bluet":1,"minecraft:birch_sapling":2,"minecraft:bow":13,"minecraft:sweet_berries":2,"minecraft:furnace":14,"minecraft:oak_sapling":9,"minecraft:egg":1,"minecraft:potato":191,"mekanismtools:osmium_paxel":82,"minecraft:stone_pickaxe":170,"minecraft:oak_planks":5,"minecraft:orange_tulip":4,"minecraft:wooden_pickaxe":37,"minecraft:glow_berries":14,"sophisticatedbackpacks:backpack":1,"minecraft:string":1,"mekanism:metallurgic_infuser":2,"minecraft:oak_pressure_plate":1,"minecraft:gravel":7,"mekanismtools:osmium_shovel":20,"minecraft:wooden_sword":22,"minecraft:birch_log":31,"minecraft:chest_minecart":1,"minecraft:bone_meal":63,"minecraft:oak_fence":42,"minecraft:stone_sword":57,"minecraft:stone_shovel":498,"minecraft:wooden_shovel":47,"minecraft:cooked_chicken":3,"minecraft:oak_door":3,"minecraft:torch":320,"minecraft:dirt":340,"minecraft:anvil":1,"minecraft:oak_fence_gate":3,"minecraft:wooden_axe":32,"mekanismgenerators:heat_generator":3,"minecraft:iron_axe":219,"minecraft:iron_boots":1,"minecraft:cooked_beef":7,"minecraft:cobbled_deepslate":1,"minecraft:wheat_seeds":4,"minecraft:cooked_mutton":8,"minecraft:water_bucket":25,"minecraft:baked_potato":79,"minecraft:birch_boat":5,"minecraft:green_bed":8,"minecraft:crafting_table":5,"minecraft:white_bed":2,"mekanismtools:osmium_pickaxe":836,"minecraft:diamond_pickaxe":42,"minecraft:wooden_hoe":41,"minecraft:apple":1,"minecraft:iron_pickaxe":1610,"minecraft:stone_axe":133,"minecraft:fishing_rod":14,"minecraft:cobblestone":521,"minecraft:purple_bed":8,"minecraft:bucket":28,"alexsmobs:animal_dictionary":1,"minecraft:dandelion":1},"minecraft:custom":{"minecraft:interact_with_crafting_table":116,"minecraft:open_barrel":20,"goblintraders:trade_with_goblin":1,"minecraft:leave_game":8,"minecraft:time_since_death":254359,"minecraft:sprint_one_cm":1220010,"minecraft:damage_blocked_by_shield":95,"minecraft:drop":150,"minecraft:talked_to_villager":1,"minecraft:play_time":794820,"minecraft:deaths":3,"minecraft:jump":5965,"minecraft:walk_on_water_one_cm":99459,"minecraft:interact_with_furnace":179,"minecraft:interact_with_cartography_table":1,"minecraft:sleep_in_bed":47,"minecraft:damage_dealt":19339,"minecraft:player_kills":1,"minecraft:crouch_one_cm":10373,"minecraft:mob_kills":127,"minecraft:interact_with_anvil":7,"minecraft:climb_one_cm":19945,"minecraft:walk_one_cm":2615723,"minecraft:sneak_time":6643,"minecraft:walk_under_water_one_cm":99275,"minecraft:boat_one_cm":938430,"minecraft:total_world_time":794820,"minecraft:time_since_rest":692,"minecraft:damage_taken":4659,"minecraft:swim_one_cm":131283,"minecraft:fly_one_cm":519933,"minecraft:open_chest":293,"minecraft:fall_one_cm":101639},"minecraft:picked_up":{"minecraft:wooden_axe":1,"minecraft:iron_chestplate":2,"minecraft:wheat":2,"minecraft:stone_slab":4,"minecraft:enchanted_book":1,"minecraft:string":30,"mekanismgenerators:heat_generator":2,"minecraft:raw_copper":116,"minecraft:iron_leggings":1,"minecraft:cobbled_deepslate":12,"minecraft:white_tulip":2,"minecraft:iron_pickaxe":4,"minecraft:iron_boots":1,"minecraft:furnace":7,"minecraft:stick":23,"minecraft:oak_fence":9,"minecraft:torch":107,"minecraft:green_bed":9,"minecraft:spruce_stairs":4,"mekanism:raw_tin":60,"minecraft:stone_sword":2,"minecraft:rotten_flesh":24,"minecraft:obsidian":30,"alexsmobs:flying_fish":7,"minecraft:cobblestone":1536,"minecraft:birch_log":217,"minecraft:magma_block":8,"minecraft:feather":4,"minecraft:cooked_beef":19,"minecraft:water_bucket":1,"minecraft:andesite":7,"minecraft:potato":466,"alexsmobs:bison_fur":1,"alexsmobs:bear_fur":6,"minecraft:flint":13,"minecraft:dirt":735,"minecraft:lapis_lazuli":103,"minecraft:bone":23,"minecraft:bow":2,"minecraft:orange_tulip":8,"minecraft:wheat_seeds":20,"minecraft:raw_gold":15,"minecraft:powered_rail":5,"minecraft:moss_block":1,"minecraft:oak_planks":25,"mekanism:metallurgic_infuser":1,"minecraft:cooked_porkchop":10,"minecraft:poisonous_potato":1,"sophisticatedbackpacks:iron_backpack":1,"minecraft:ink_sac":3,"alexsmobs:animal_dictionary":1,"minecraft:mossy_cobblestone":6,"minecraft:diamond":4,"minecraft:spruce_sign":4,"minecraft:bread":1,"minecraft:oak_sapling":22,"minecraft:charcoal":2,"minecraft:allium":5,"minecraft:crafting_table":4,"minecraft:azure_bluet":1,"minecraft:ladder":1,"minecraft:chest_minecart":2,"minecraft:wooden_pickaxe":2,"minecraft:stone_brick_wall":1,"minecraft:shield":1,"minecraft:iron_axe":1,"minecraft:iron_shovel":1,"minecraft:beef":22,"minecraft:poppy":3,"minecraft:birch_sapling":8,"minecraft:egg":1,"minecraft:raw_iron":204,"minecraft:oak_door":1,"sophisticatedbackpacks:backpack":5,"minecraft:carrot":1,"minecraft:redstone":84,"minecraft:arrow":31,"minecraft:stone_shovel":5,"minecraft:decorated_pot":1,"minecraft:peony":2,"minecraft:pink_tulip":4,"minecraft:mutton":11,"minecraft:white_wool":6,"minecraft:rail":3,"minecraft:oxeye_daisy":1,"minecraft:stripped_oak_log":1,"mekanism:raw_lead":41,"minecraft:leather":5,"minecraft:oak_log":189,"minecraft:gunpowder":13,"minecraft:cobblestone_wall":4,"minecraft:deepslate_tile_slab":3,"minecraft:cooked_mutton":9,"minecraft:apple":1,"minecraft:kelp":9,"minecraft:oak_fence_gate":1,"minecraft:iron_ingot":1,"minecraft:cooked_chicken":6,"minecraft:iron_sword":3,"minecraft:pumpkin":9,"minecraft:birch_boat":5,"minecraft:sweet_berries":7,"minecraft:dandelion":1,"minecraft:gravel":55,"minecraft:white_bed":2,"minecraft:spruce_log":4,"mekanism:raw_osmium":161,"minecraft:spider_eye":7,"minecraft:leather_helmet":1,"minecraft:purple_bed":9,"minecraft:stone_axe":1,"minecraft:iron_helmet":2,"mekanism:fluorite_gem":38,"minecraft:baked_potato":79,"minecraft:black_wool":2,"minecraft:melon_seeds":4,"minecraft:coal":505,"minecraft:sunflower":1},"minecraft:killed_by":{"minecraft:creeper":1},"minecraft:broken":{"minecraft:stone_pickaxe":1,"minecraft:stone_axe":1,"minecraft:stone_shovel":3,"minecraft:iron_pickaxe":6,"minecraft:iron_helmet":1},"minecraft:crafted":{"minecraft:oak_planks":478,"mekanismtools:osmium_shield":1,"mekanism:ingot_osmium":122,"minecraft:oak_pressure_plate":1,"minecraft:birch_boat":1,"mekanismtools:osmium_chestplate":1,"mekanismgenerators:heat_generator":1,"minecraft:cooked_mutton":9,"minecraft:bow":1,"minecraft:iron_boots":2,"mekanismtools:osmium_boots":1,"minecraft:chest":8,"minecraft:oak_fence":42,"mekanismtools:osmium_pickaxe":4,"minecraft:wooden_shovel":1,"minecraft:emerald":1,"minecraft:crafting_table":3,"minecraft:wooden_pickaxe":1,"minecraft:baked_potato":221,"minecraft:iron_helmet":2,"minecraft:birch_pressure_plate":1,"minecraft:copper_ingot":64,"minecraft:birch_planks":40,"mekanismtools:osmium_leggings":1,"minecraft:wooden_hoe":2,"minecraft:iron_chestplate":1,"minecraft:charcoal":12,"minecraft:shield":1,"minecraft:birch_fence":3,"minecraft:stick":452,"minecraft:iron_ingot":162,"minecraft:iron_pickaxe":7,"minecraft:iron_block":3,"minecraft:stone_sword":2,"minecraft:gold_ingot":3,"minecraft:wooden_sword":1,"minecraft:oak_door":3,"mekanismtools:osmium_paxel":1,"minecraft:raw_iron":18,"minecraft:stone_shovel":1,"minecraft:fishing_rod":1,"mekanismtools:osmium_shovel":2,"minecraft:furnace":10,"minecraft:bone_meal":63,"mekanismtools:osmium_axe":1,"minecraft:iron_axe":1,"minecraft:ladder":117,"minecraft:stone_pickaxe":2,"mekanismtools:osmium_helmet":1,"minecraft:cooked_beef":7,"mekanismtools:osmium_sword":1,"mekanism:metallurgic_infuser":1,"sophisticatedbackpacks:gold_backpack":1,"minecraft:bucket":2,"minecraft:stone_axe":1,"minecraft:air":0,"minecraft:oak_fence_gate":2,"minecraft:wooden_axe":1,"minecraft:iron_shovel":1,"minecraft:iron_leggings":2,"minecraft:white_bed":1,"minecraft:anvil":1,"minecraft:torch":248},"minecraft:mined":{"minecraft:white_bed":1,"minecraft:farmland":1,"minecraft:obsidian":31,"minecraft:grass_block":122,"minecraft:stone_brick_wall":1,"minecraft:oxeye_daisy":1,"minecraft:spawner":1,"minecraft:magma_block":12,"minecraft:iron_ore":187,"minecraft:pumpkin":9,"minecraft:oak_stairs":1,"minecraft:green_bed":8,"minecraft:deepslate_redstone_ore":3,"mekanism:osmium_ore":155,"minecraft:deepslate_tile_slab":1,"minecraft:torch":24,"minecraft:mossy_cobblestone_wall":1,"minecraft:poppy":2,"mekanism:tin_ore":60,"minecraft:cobblestone":58,"minecraft:oak_planks":20,"minecraft:wall_torch":23,"mekanism:fluorite_ore":12,"minecraft:birch_log":129,"minecraft:wheat":9,"minecraft:grass":40,"minecraft:oak_log":144,"mekanism:lead_ore":31,"minecraft:oak_fence_gate":1,"minecraft:dirt":500,"minecraft:oak_leaves":99,"minecraft:deepslate":11,"minecraft:diamond_ore":4,"minecraft:mossy_cobblestone":6,"minecraft:oak_door":1,"mekanism:deepslate_osmium_ore":3,"mekanismgenerators:heat_generator":2,"minecraft:ladder":1,"minecraft:decorated_pot":1,"minecraft:spruce_leaves":2,"minecraft:moss_block":1,"minecraft:large_fern":2,"minecraft:redstone_ore":16,"minecraft:furnace":7,"minecraft:andesite":6,"minecraft:peony":5,"minecraft:potatoes":123,"minecraft:vine":2,"minecraft:rail":2,"minecraft:stripped_oak_log":1,"minecraft:stone":1567,"sophisticatedbackpacks:backpack":1,"minecraft:oak_fence":8,"minecraft:crafting_table":4,"minecraft:campfire":1,"minecraft:stone_slab":2,"minecraft:tall_grass":22,"minecraft:copper_ore":29,"minecraft:deepslate_coal_ore":7,"minecraft:lapis_ore":17,"minecraft:deepslate_gold_ore":3,"mekanism:metallurgic_infuser":1,"minecraft:spruce_stairs":1,"minecraft:purple_bed":9,"minecraft:cobblestone_wall":1,"minecraft:sweet_berry_bush":3,"minecraft:spruce_log":4,"minecraft:birch_leaves":30,"minecraft:coal_ore":424,"minecraft:sunflower":2,"minecraft:gravel":52,"minecraft:cobweb":3,"minecraft:gold_ore":12,"minecraft:infested_stone":1,"minecraft:fern":1},"minecraft:killed":{"minecraft:cave_spider":8,"minecraft:spider":12,"minecraft:skeleton":18,"minecraft:chicken":3,"minecraft:silverfish":9,"minecraft:pig":3,"mekanismadditions:baby_enderman":1,"alexsmobs:grizzly_bear":3,"minecraft:creeper":10,"minecraft:sheep":8,"minecraft:zombie":22,"alexsmobs:fly":1,"minecraft:cow":7,"alexsmobs:bison":1,"alexsmobs:flying_fish":3,"minecraft:bat":1,"alexsmobs:gelada_monkey":2,"alexsmobs:crow":1},"minecraft:dropped":{"sophisticatedbackpacks:iron_backpack":1,"minecraft:iron_sword":2,"minecraft:birch_planks":1,"minecraft:oak_log":5,"minecraft:baked_potato":91,"minecraft:decorated_pot":1,"minecraft:orange_tulip":4,"minecraft:glow_berries":19,"minecraft:dirt":57,"alexsmobs:flying_fish":4,"mekanismtools:osmium_sword":1,"minecraft:sunflower":1,"minecraft:iron_pickaxe":2,"minecraft:white_tulip":1,"mekanismtools:osmium_pickaxe":2,"alexsmobs:animal_dictionary":1,"minecraft:rotten_flesh":21,"minecraft:cooked_mutton":2,"minecraft:white_bed":1,"minecraft:poppy":1,"minecraft:water_bucket":1,"minecraft:poisonous_potato":1,"minecraft:iron_helmet":2,"minecraft:cobblestone":84,"minecraft:deepslate_tile_slab":1,"minecraft:coal":34,"minecraft:oxeye_daisy":1,"minecraft:wooden_axe":1,"minecraft:iron_leggings":2,"mekanism:raw_osmium":29,"minecraft:iron_shovel":1,"minecraft:string":4,"minecraft:pink_tulip":2,"minecraft:kelp":9,"minecraft:sweet_berries":2,"minecraft:stone_sword":1,"minecraft:cobblestone_wall":3,"minecraft:raw_copper":1,"minecraft:raw_iron":1,"minecraft:stone_shovel":1,"minecraft:iron_boots":2,"sophisticatedbackpacks:backpack":3,"minecraft:stone_slab":2,"alexsmobs:bear_fur":2,"minecraft:allium":4,"minecraft:iron_chestplate":3,"minecraft:spider_eye":1,"minecraft:spruce_log":4,"minecraft:wooden_pickaxe":2}},"DataVersion":3465}