{"stats":{"minecraft:used":{"minecraft:oak_trapdoor":16,"minecraft:oak_fence":12,"minecraft:stone_sword":153,"minecraft:stone_shovel":2632,"minecraft:chest":5,"minecraft:iron_sword":159,"minecraft:oak_door":3,"minecraft:wooden_shovel":783,"minecraft:rotten_flesh":3,"minecraft:stone_hoe":50,"minecraft:iron_chestplate":1,"minecraft:torch":86,"minecraft:dirt":1004,"mekanismtools:osmium_sword":72,"minecraft:carrot":1,"minecraft:oak_fence_gate":3,"minecraft:wooden_axe":67,"minecraft:sweet_berries":65,"minecraft:furnace":2,"minecraft:egg":1,"minecraft:potato":67,"minecraft:pumpkin":2,"minecraft:wheat_seeds":5,"minecraft:cooked_mutton":2,"minecraft:water_bucket":12,"minecraft:stone_pickaxe":632,"minecraft:baked_potato":59,"minecraft:wooden_pickaxe":89,"minecraft:spruce_sign":2,"minecraft:green_bed":2,"minecraft:glow_berries":26,"minecraft:crafting_table":4,"minecraft:white_bed":7,"mekanismtools:osmium_pickaxe":439,"minecraft:oak_log":1,"minecraft:sunflower":1,"minecraft:iron_pickaxe":252,"minecraft:stone_axe":9,"minecraft:cobblestone":225,"minecraft:bucket":13,"minecraft:coarse_dirt":2},"minecraft:custom":{"minecraft:interact_with_anvil":5,"minecraft:mob_kills":25,"minecraft:interact_with_crafting_table":76,"goblintraders:trade_with_goblin":66,"minecraft:damage_dealt_resisted":45,"minecraft:leave_game":11,"minecraft:time_since_death":58444,"minecraft:climb_one_cm":4771,"minecraft:sprint_one_cm":813924,"minecraft:walk_one_cm":2413359,"minecraft:drop":320,"minecraft:damage_dealt_absorbed":80,"minecraft:talked_to_villager":3,"minecraft:play_time":521038,"minecraft:sneak_time":16444,"minecraft:deaths":12,"minecraft:walk_under_water_one_cm":62647,"minecraft:jump":4722,"minecraft:walk_on_water_one_cm":59684,"minecraft:total_world_time":521038,"minecraft:interact_with_furnace":8,"minecraft:sleep_in_bed":29,"minecraft:time_since_rest":79,"minecraft:damage_taken":6381,"minecraft:damage_dealt":5026,"minecraft:swim_one_cm":12046,"minecraft:fly_one_cm":361575,"minecraft:open_chest":70,"minecraft:crouch_one_cm":71267,"minecraft:fall_one_cm":79970},"minecraft:picked_up":{"minecraft:wooden_axe":17,"minecraft:coarse_dirt":5,"minecraft:charcoal":3,"minecraft:crafting_table":5,"minecraft:iron_chestplate":11,"minecraft:allium":12,"minecraft:azure_bluet":9,"minecraft:stone_slab":2,"minecraft:wooden_pickaxe":8,"minecraft:string":91,"minecraft:oak_trapdoor":13,"mekanismgenerators:heat_generator":1,"minecraft:raw_copper":180,"minecraft:wooden_sword":1,"minecraft:iron_leggings":9,"minecraft:iron_shovel":1,"minecraft:cobbled_deepslate":1,"minecraft:bucket":7,"minecraft:white_tulip":19,"minecraft:rose_bush":24,"minecraft:wooden_shovel":3,"minecraft:poppy":4,"minecraft:iron_pickaxe":10,"minecraft:chest":5,"minecraft:iron_boots":10,"minecraft:egg":1,"minecraft:stick":13,"minecraft:raw_iron":49,"minecraft:oak_door":15,"minecraft:oak_fence":13,"minecraft:torch":63,"minecraft:green_bed":2,"sophisticatedbackpacks:backpack":4,"minecraft:carrot":1,"mekanism:raw_tin":21,"minecraft:stone_sword":9,"minecraft:arrow":29,"minecraft:rotten_flesh":39,"minecraft:stone_shovel":8,"minecraft:pink_tulip":28,"minecraft:glow_berries":19,"minecraft:white_wool":1,"minecraft:cobblestone":1748,"minecraft:oxeye_daisy":16,"minecraft:birch_log":2,"minecraft:water_bucket":1,"mekanism:raw_lead":10,"minecraft:andesite":6,"minecraft:leather":1,"mekanismtools:osmium_sword":1,"minecraft:potato":152,"alexsmobs:bear_fur":2,"minecraft:flint":7,"minecraft:oak_log":232,"minecraft:cobblestone_wall":1,"minecraft:lapis_lazuli":27,"minecraft:deepslate_tile_slab":1,"minecraft:dirt":3930,"minecraft:cooked_mutton":2,"minecraft:bone":20,"minecraft:bow":6,"minecraft:wheat_seeds":24,"minecraft:orange_tulip":23,"minecraft:raw_gold":3,"minecraft:iron_ingot":28,"minecraft:stone_pickaxe":8,"minecraft:oak_fence_gate":1,"minecraft:moss_block":1,"minecraft:stone_hoe":5,"minecraft:iron_sword":10,"minecraft:oak_planks":5,"minecraft:pumpkin":2,"minecraft:sweet_berries":79,"minecraft:dandelion":1,"minecraft:gravel":45,"minecraft:white_bed":7,"mekanism:raw_osmium":48,"alexsmobs:animal_dictionary":1,"minecraft:mossy_cobblestone":1,"minecraft:stone_axe":6,"minecraft:iron_helmet":10,"mekanism:fluorite_gem":8,"mekanismtools:osmium_pickaxe":4,"minecraft:spruce_sign":2,"minecraft:baked_potato":197,"minecraft:oak_sapling":6,"minecraft:black_wool":1,"minecraft:coal":259,"minecraft:sunflower":1},"minecraft:killed_by":{"minecraft:player":1,"minecraft:creeper":1,"minecraft:enderman":3,"minecraft:skeleton":1,"minecraft:zombie":2,"alexsmobs:grizzly_bear":1},"minecraft:broken":{"minecraft:wooden_shovel":14,"minecraft:stone_sword":1,"minecraft:wooden_pickaxe":1,"minecraft:stone_pickaxe":5,"minecraft:iron_sword":1,"minecraft:iron_pickaxe":1,"minecraft:wooden_axe":1,"minecraft:stone_shovel":20},"minecraft:crafted":{"minecraft:oak_door":3,"minecraft:oak_planks":156,"minecraft:stone_shovel":23,"minecraft:furnace":2,"minecraft:oak_trapdoor":4,"minecraft:stone_pickaxe":4,"minecraft:chest":2,"minecraft:stone_hoe":1,"minecraft:oak_fence":15,"minecraft:wooden_shovel":15,"minecraft:baked_potato":43,"minecraft:wooden_pickaxe":4,"minecraft:iron_sword":1,"minecraft:copper_ingot":94,"minecraft:bucket":2,"minecraft:stone_axe":1,"minecraft:oak_fence_gate":2,"minecraft:stick":120,"minecraft:iron_ingot":72,"minecraft:wooden_axe":4,"minecraft:torch":34},"minecraft:mined":{"minecraft:white_bed":4,"minecraft:mossy_cobblestone":1,"minecraft:oak_door":3,"minecraft:glow_lichen":1,"minecraft:allium":4,"minecraft:grass_block":1522,"minecraft:moss_block":1,"minecraft:oxeye_daisy":1,"minecraft:large_fern":6,"minecraft:oak_trapdoor":13,"minecraft:iron_ore":49,"minecraft:andesite":8,"minecraft:pumpkin":2,"minecraft:azure_bluet":3,"minecraft:vine":2,"minecraft:potatoes":41,"minecraft:dirt_path":4,"minecraft:deepslate_iron_ore":1,"minecraft:pink_tulip":8,"minecraft:stone":908,"minecraft:white_tulip":8,"minecraft:green_bed":2,"mekanism:osmium_ore":9,"minecraft:oak_fence":1,"minecraft:crafting_table":3,"minecraft:torch":22,"minecraft:poppy":2,"minecraft:chest":2,"minecraft:rose_bush":15,"mekanism:tin_ore":4,"minecraft:copper_ore":48,"minecraft:tall_grass":26,"minecraft:cobblestone":101,"minecraft:deepslate_coal_ore":1,"minecraft:lapis_ore":4,"minecraft:wall_torch":27,"minecraft:seagrass":1,"minecraft:coarse_dirt":2,"mekanism:fluorite_ore":3,"minecraft:birch_log":2,"minecraft:wheat":1,"minecraft:sweet_berry_bush":21,"minecraft:birch_leaves":3,"minecraft:grass":40,"mekanism:deepslate_tin_ore":1,"minecraft:oak_log":67,"minecraft:coal_ore":108,"mekanism:lead_ore":10,"minecraft:oak_fence_gate":1,"minecraft:gravel":45,"mekanism:deepslate_fluorite_ore":1,"minecraft:dirt":1919,"minecraft:cobweb":89,"minecraft:red_mushroom_block":1,"minecraft:gold_ore":3,"minecraft:oak_leaves":18,"minecraft:deepslate":1,"minecraft:fern":3},"minecraft:killed":{"alexsmobs:hummingbird":1,"minecraft:cave_spider":2,"minecraft:spider":3,"minecraft:skeleton":2,"mekanismadditions:baby_skeleton":3,"minecraft:creeper":1,"minecraft:zombie":12},"minecraft:dropped":{"minecraft:water_bucket":1,"minecraft:wheat_seeds":4,"mekanismgenerators:heat_generator":1,"minecraft:oak_log":1,"minecraft:baked_potato":1,"minecraft:orange_tulip":13,"minecraft:cobblestone":627,"minecraft:flint":1,"minecraft:oxeye_daisy":10,"minecraft:dirt":2148,"minecraft:torch":7,"minecraft:wooden_axe":3,"minecraft:rose_bush":24,"minecraft:iron_pickaxe":1,"minecraft:bucket":1,"minecraft:pink_tulip":22,"minecraft:bone":4,"minecraft:gravel":28,"minecraft:white_tulip":19,"minecraft:sweet_berries":2,"mekanismtools:osmium_pickaxe":1,"minecraft:stone_shovel":9,"minecraft:rotten_flesh":7,"minecraft:oak_planks":4,"minecraft:azure_bluet":8,"alexsmobs:bear_fur":2,"minecraft:poppy":4,"minecraft:allium":9,"minecraft:andesite":4,"minecraft:oak_sapling":4,"minecraft:wooden_pickaxe":1,"minecraft:stone_pickaxe":2}},"DataVersion":3465}