{"stats":{"minecraft:custom":{"minecraft:mob_kills":59,"minecraft:animals_bred":1,"minecraft:interact_with_crafting_table":83,"minecraft:open_barrel":2,"goblintraders:trade_with_goblin":44,"minecraft:leave_game":6,"minecraft:time_since_death":41400,"minecraft:climb_one_cm":49828,"minecraft:sprint_one_cm":1369435,"minecraft:walk_one_cm":2770137,"minecraft:damage_blocked_by_shield":1012,"minecraft:drop":1551,"minecraft:talked_to_villager":2,"minecraft:play_time":672570,"minecraft:sneak_time":17481,"minecraft:deaths":6,"minecraft:walk_under_water_one_cm":40713,"minecraft:boat_one_cm":210722,"minecraft:jump":7645,"minecraft:walk_on_water_one_cm":134574,"minecraft:total_world_time":672570,"minecraft:interact_with_furnace":50,"minecraft:sleep_in_bed":42,"minecraft:time_since_rest":15437,"minecraft:damage_taken":4541,"minecraft:damage_dealt":9896,"minecraft:player_kills":2,"minecraft:swim_one_cm":50872,"minecraft:fly_one_cm":888527,"minecraft:open_chest":95,"minecraft:crouch_one_cm":61725,"minecraft:fall_one_cm":130860},"minecraft:picked_up":{"mekanismtools:osmium_paxel":6,"minecraft:crafting_table":3,"minecraft:iron_chestplate":5,"minecraft:wheat":8,"minecraft:allium":3,"minecraft:azure_bluet":2,"minecraft:chicken":1,"minecraft:clay_ball":64,"mekanism:raw_uranium":5,"minecraft:wooden_pickaxe":1,"minecraft:gold_block":3,"minecraft:shield":2,"minecraft:raw_copper":144,"minecraft:string":9,"minecraft:red_bed":2,"minecraft:moss_carpet":2,"minecraft:wooden_sword":1,"minecraft:oak_hanging_sign":5,"minecraft:flint_and_steel":1,"minecraft:iron_leggings":3,"minecraft:blackstone":108,"minecraft:cobbled_deepslate":96,"minecraft:bucket":1,"comforts:sleeping_bag_white":20,"minecraft:beef":25,"minecraft:oak_boat":4,"hangglider:hang_glider":2,"minecraft:chest":2,"minecraft:birch_sapling":2,"minecraft:iron_boots":5,"minecraft:egg":10,"minecraft:raw_iron":171,"minecraft:stick":21,"minecraft:stone":5,"minecraft:oak_door":1,"minecraft:big_dripleaf":2,"minecraft:oak_fence":8,"minecraft:torch":369,"sophisticatedbackpacks:backpack":2,"minecraft:pointed_dripstone":2,"minecraft:redstone":102,"mekanism:raw_tin":21,"minecraft:tnt":3,"mekanismtools:osmium_helmet":1,"minecraft:arrow":61,"minecraft:rotten_flesh":27,"sophisticatedbackpacks:copper_backpack":1,"minecraft:gold_ingot":9,"mekanism:ingot_osmium":38,"minecraft:mutton":6,"minecraft:white_wool":5,"minecraft:cobblestone":2753,"minecraft:birch_log":13,"minecraft:feather":2,"minecraft:cooked_beef":26,"mekanism:raw_lead":9,"minecraft:glow_ink_sac":9,"minecraft:tripwire_hook":1,"minecraft:andesite":539,"minecraft:yellow_dye":1,"minecraft:leather":10,"mekanismtools:osmium_sword":2,"minecraft:potato":39,"minecraft:flint":27,"minecraft:tuff":16,"minecraft:oak_log":150,"minecraft:yellow_bed":4,"minecraft:gunpowder":2,"minecraft:wooden_hoe":5,"minecraft:lapis_lazuli":50,"minecraft:dirt":585,"mekanismtools:iron_paxel":1,"minecraft:bone":19,"minecraft:apple":9,"minecraft:bow":5,"minecraft:wheat_seeds":53,"minecraft:raw_gold":40,"minecraft:stone_pickaxe":1,"minecraft:moss_block":1,"minecraft:oak_planks":13,"minecraft:iron_sword":2,"minecraft:flowering_azalea":1,"minecraft:scaffolding":6,"minecraft:smooth_basalt":2,"minecraft:birch_boat":1,"minecraft:dandelion":1,"minecraft:gravel":199,"minecraft:amethyst_shard":2,"minecraft:spruce_sapling":1,"minecraft:spectral_arrow":12,"minecraft:mossy_stone_brick_slab":2,"mekanism:raw_osmium":77,"alexsmobs:animal_dictionary":2,"mekanismtools:osmium_leggings":1,"mekanismtools:osmium_boots":1,"mekanismtools:osmium_shield":2,"minecraft:diamond":12,"minecraft:iron_helmet":6,"mekanismtools:osmium_pickaxe":3,"minecraft:bread":49,"minecraft:rooted_dirt":12,"alexsmobs:maggot":1,"minecraft:baked_potato":10,"minecraft:oak_sapling":7,"minecraft:coal":93},"minecraft:used":{"minecraft:oak_fence":33,"minecraft:flint_and_steel":24,"minecraft:ladder":12,"minecraft:chest":6,"minecraft:wooden_shovel":202,"minecraft:iron_sword":35,"minecraft:shield":20,"minecraft:cooked_chicken":1,"minecraft:oak_door":2,"minecraft:stone":1,"minecraft:torch":427,"minecraft:dirt":233,"minecraft:tuff":9,"minecraft:oak_fence_gate":3,"alexsmobs:maggot":1,"minecraft:wooden_axe":60,"minecraft:tripwire_hook":1,"minecraft:bow":21,"minecraft:beef":2,"minecraft:scaffolding":6,"minecraft:furnace":2,"minecraft:gold_block":3,"minecraft:egg":3,"comforts:sleeping_bag_white":18,"minecraft:potato":62,"minecraft:cooked_beef":28,"minecraft:wheat_seeds":22,"minecraft:cobbled_deepslate":38,"minecraft:cooked_mutton":6,"minecraft:water_bucket":24,"mekanismtools:osmium_paxel":4228,"minecraft:stone_pickaxe":256,"minecraft:baked_potato":3,"minecraft:oak_planks":4,"minecraft:blackstone":4,"minecraft:wooden_pickaxe":588,"minecraft:birch_boat":2,"minecraft:tnt":3,"minecraft:crafting_table":4,"minecraft:red_bed":1,"mekanismtools:osmium_pickaxe":53,"minecraft:oak_log":20,"minecraft:wooden_hoe":45,"minecraft:apple":10,"mekanismtools:osmium_shield":11,"minecraft:bread":22,"minecraft:iron_pickaxe":254,"minecraft:gravel":6,"minecraft:wooden_sword":31,"minecraft:cobblestone":563,"minecraft:andesite":484,"minecraft:bucket":26,"minecraft:yellow_bed":3,"minecraft:oak_boat":1,"alexsmobs:animal_dictionary":2,"minecraft:brush":5,"minecraft:oak_hanging_sign":5},"minecraft:killed_by":{"minecraft:player":1,"mutantmonsters:mutant_creeper":1,"mekanismadditions:baby_skeleton":1,"minecraft:witch":1},"minecraft:killed":{"alexsmobs:raccoon":1,"minecraft:spider":5,"minecraft:skeleton":6,"mekanismadditions:baby_skeleton":5,"minecraft:chicken":1,"minecraft:drowned":2,"minecraft:wolf":2,"minecraft:pig":2,"minecraft:zombie_villager":1,"minecraft:bat":4,"minecraft:creeper":2,"minecraft:sheep":5,"alexsmobs:cockroach":1,"minecraft:zombie":12,"alexsmobs:terrapin":1,"minecraft:cow":9},"minecraft:crafted":{"hangglider:glider_framework":1,"minecraft:oak_door":3,"mekanismtools:osmium_paxel":3,"minecraft:oak_planks":256,"mekanismtools:osmium_shield":1,"mekanism:ingot_osmium":47,"comforts:sleeping_bag_white":1,"hangglider:hang_glider":1,"minecraft:birch_boat":1,"minecraft:cooked_chicken":1,"mekanismtools:osmium_shovel":3,"minecraft:furnace":2,"hangglider:glider_wing":2,"minecraft:cooked_mutton":6,"mekanismtools:osmium_axe":3,"minecraft:iron_boots":1,"minecraft:ladder":12,"minecraft:stone_pickaxe":3,"minecraft:chest":5,"sophisticatedbackpacks:iron_backpack":1,"minecraft:oak_fence":57,"mekanismtools:osmium_pickaxe":4,"minecraft:cooked_beef":21,"minecraft:wooden_shovel":3,"sophisticatedbackpacks:backpack":1,"minecraft:crafting_table":2,"minecraft:iron_helmet":1,"minecraft:wooden_pickaxe":10,"minecraft:baked_potato":9,"minecraft:brush":1,"minecraft:iron_sword":1,"minecraft:copper_ingot":61,"minecraft:bucket":5,"minecraft:birch_planks":20,"minecraft:oak_fence_gate":3,"minecraft:iron_chestplate":1,"minecraft:wooden_hoe":1,"minecraft:yellow_dye":1,"minecraft:shield":1,"minecraft:stick":184,"minecraft:iron_ingot":124,"minecraft:iron_pickaxe":1,"minecraft:wooden_axe":1,"minecraft:iron_leggings":1,"minecraft:gold_ingot":25,"minecraft:torch":134},"minecraft:mined":{"minecraft:tuff":9,"minecraft:farmland":4,"minecraft:deepslate_diamond_ore":12,"minecraft:mossy_stone_brick_slab":2,"mekanism:deepslate_osmium_ore":41,"minecraft:grass_block":109,"minecraft:spruce_leaves":2,"minecraft:rooted_dirt":12,"minecraft:redstone_ore":1,"minecraft:iron_ore":110,"minecraft:cobbled_deepslate":1,"minecraft:andesite":638,"minecraft:deepslate_lapis_ore":4,"minecraft:gold_block":3,"minecraft:potatoes":6,"minecraft:dirt_path":4,"minecraft:oak_wall_hanging_sign":5,"minecraft:deepslate_iron_ore":51,"minecraft:stone":3300,"minecraft:podzol":1,"minecraft:deepslate_redstone_ore":22,"mekanism:osmium_ore":27,"minecraft:flowering_azalea":1,"minecraft:scaffolding":4,"minecraft:red_bed":2,"minecraft:blackstone":56,"minecraft:dandelion":1,"minecraft:oak_fence":1,"minecraft:clay":2,"minecraft:crafting_table":3,"minecraft:torch":23,"minecraft:chest":2,"minecraft:white_stained_glass_pane":2,"mekanism:tin_ore":12,"minecraft:copper_ore":30,"minecraft:tall_grass":6,"minecraft:cobblestone":76,"minecraft:deepslate_gold_ore":33,"minecraft:lapis_ore":4,"minecraft:oak_planks":2,"minecraft:wall_torch":264,"minecraft:birch_log":11,"minecraft:wheat":6,"minecraft:birch_leaves":28,"minecraft:tnt":2,"minecraft:yellow_bed":3,"minecraft:grass":168,"minecraft:coal_ore":74,"minecraft:oak_log":72,"mekanism:lead_ore":7,"minecraft:gravel":198,"minecraft:dirt":334,"minecraft:cobweb":2,"mekanism:deepslate_uranium_ore":5,"minecraft:smooth_basalt":2,"minecraft:tripwire_hook":1,"minecraft:gold_ore":6,"minecraft:oak_leaves":50,"minecraft:deepslate":77,"minecraft:fern":1},"minecraft:dropped":{"minecraft:water_bucket":1,"minecraft:iron_ingot":6,"minecraft:moss_block":1,"minecraft:wheat_seeds":12,"minecraft:cooked_beef":3,"minecraft:oak_log":37,"minecraft:baked_potato":10,"minecraft:glow_ink_sac":6,"minecraft:cobblestone":1465,"minecraft:iron_helmet":1,"minecraft:rooted_dirt":12,"minecraft:stick":9,"minecraft:dirt":114,"minecraft:wooden_hoe":3,"minecraft:torch":3,"mekanismtools:osmium_paxel":2,"mekanism:raw_osmium":9,"minecraft:flowering_azalea":1,"mekanismtools:iron_paxel":1,"minecraft:string":1,"minecraft:spruce_sapling":1,"minecraft:gold_ingot":3,"minecraft:smooth_basalt":2,"minecraft:oak_door":2,"minecraft:gravel":85,"minecraft:moss_carpet":2,"minecraft:blackstone":52,"hangglider:hang_glider":1,"minecraft:cobbled_deepslate":29,"minecraft:tuff":7,"minecraft:rotten_flesh":24,"minecraft:iron_boots":1,"minecraft:azure_bluet":2,"minecraft:flint_and_steel":1,"minecraft:big_dripleaf":2,"minecraft:potato":8,"minecraft:stone":4,"minecraft:allium":2,"minecraft:iron_chestplate":1,"minecraft:andesite":54,"minecraft:oak_sapling":4,"minecraft:oak_boat":2,"sophisticatedbackpacks:copper_backpack":1,"minecraft:stone_pickaxe":1,"minecraft:wooden_pickaxe":1,"minecraft:egg":1},"minecraft:broken":{"mekanismtools:osmium_paxel":2,"minecraft:wooden_shovel":3,"minecraft:wooden_pickaxe":10,"minecraft:stone_pickaxe":2,"minecraft:wooden_sword":1,"minecraft:iron_pickaxe":1,"minecraft:wooden_axe":1}},"DataVersion":3465}