{"stats":{"minecraft:used":{"minecraft:oak_fence":63,"minecraft:moss_block":2,"minecraft:stone_sword":153,"minecraft:stone_shovel":2632,"minecraft:chest":12,"minecraft:iron_sword":159,"minecraft:oak_door":8,"minecraft:wooden_shovel":783,"minecraft:rotten_flesh":3,"minecraft:stone_hoe":106,"minecraft:iron_chestplate":1,"minecraft:torch":165,"minecraft:dirt":1078,"mekanismtools:osmium_sword":357,"minecraft:carrot":1,"minecraft:oak_fence_gate":6,"minecraft:milk_bucket":1,"minecraft:wooden_axe":105,"minecraft:birch_sapling":6,"minecraft:smooth_basalt":5,"minecraft:sweet_berries":65,"minecraft:oak_sapling":11,"minecraft:furnace":6,"minecraft:egg":1,"minecraft:potato":109,"minecraft:pumpkin":2,"minecraft:cooked_mutton":2,"minecraft:wheat_seeds":38,"minecraft:water_bucket":15,"minecraft:stone_pickaxe":632,"minecraft:baked_potato":110,"minecraft:wooden_pickaxe":89,"minecraft:spruce_sign":2,"minecraft:green_bed":2,"minecraft:glow_berries":26,"minecraft:crafting_table":6,"minecraft:white_bed":12,"mekanismtools:osmium_pickaxe":1621,"minecraft:oak_log":5,"minecraft:sunflower":1,"minecraft:iron_pickaxe":252,"minecraft:stone_axe":9,"minecraft:cobblestone":493,"minecraft:bucket":15,"minecraft:coarse_dirt":2,"minecraft:bone_meal":12,"minecraft:oak_trapdoor":16,"minecraft:iron_shovel":69},"minecraft:custom":{"minecraft:animals_bred":16,"minecraft:interact_with_anvil":6,"minecraft:mob_kills":71,"minecraft:interact_with_crafting_table":123,"goblintraders:trade_with_goblin":88,"minecraft:damage_dealt_resisted":45,"minecraft:leave_game":16,"minecraft:time_since_death":346812,"minecraft:climb_one_cm":14096,"minecraft:sprint_one_cm":1203121,"minecraft:walk_one_cm":3765407,"minecraft:drop":361,"minecraft:damage_dealt_absorbed":80,"minecraft:talked_to_villager":3,"minecraft:play_time":809406,"minecraft:sneak_time":17164,"minecraft:deaths":12,"minecraft:walk_under_water_one_cm":65334,"minecraft:jump":8111,"minecraft:walk_on_water_one_cm":122987,"minecraft:total_world_time":809406,"minecraft:interact_with_furnace":42,"minecraft:sleep_in_bed":46,"minecraft:time_since_rest":6167,"minecraft:damage_taken":8447,"minecraft:damage_dealt":12201,"minecraft:swim_one_cm":14884,"minecraft:fly_one_cm":663548,"minecraft:open_chest":172,"minecraft:crouch_one_cm":74013,"minecraft:interact_with_smithing_table":1,"minecraft:fall_one_cm":139983},"minecraft:picked_up":{"minecraft:wooden_axe":17,"minecraft:charcoal":3,"minecraft:iron_chestplate":11,"minecraft:coarse_dirt":6,"minecraft:crafting_table":7,"minecraft:wheat":23,"minecraft:allium":12,"minecraft:azure_bluet":9,"minecraft:chicken":1,"mekanism:raw_uranium":2,"minecraft:stone_slab":2,"minecraft:wooden_pickaxe":8,"minecraft:oak_trapdoor":14,"minecraft:string":177,"mekanismgenerators:heat_generator":1,"minecraft:raw_copper":468,"minecraft:wooden_sword":1,"minecraft:iron_leggings":9,"minecraft:iron_shovel":1,"minecraft:cobbled_deepslate":15,"minecraft:bucket":7,"minecraft:beef":1,"minecraft:white_tulip":31,"minecraft:rose_bush":24,"minecraft:wooden_shovel":3,"minecraft:poppy":4,"minecraft:iron_pickaxe":10,"minecraft:light_gray_wool":3,"alexsmobs:raccoon_tail":1,"minecraft:chest":8,"minecraft:birch_sapling":6,"minecraft:iron_boots":10,"minecraft:egg":1,"minecraft:raw_iron":188,"minecraft:stick":25,"minecraft:oak_door":21,"minecraft:copper_ingot":85,"minecraft:oak_fence":19,"minecraft:torch":88,"minecraft:green_bed":2,"sophisticatedbackpacks:backpack":4,"minecraft:porkchop":10,"minecraft:carrot":1,"minecraft:redstone":69,"mekanism:raw_tin":28,"minecraft:stone_sword":9,"minecraft:arrow":52,"minecraft:stone_shovel":8,"minecraft:rotten_flesh":54,"minecraft:peony":6,"minecraft:red_tulip":2,"minecraft:pink_tulip":30,"minecraft:white_terracotta":1,"minecraft:rail":2,"minecraft:glow_berries":19,"minecraft:mutton":1,"minecraft:white_wool":11,"minecraft:cobblestone":2212,"minecraft:oxeye_daisy":16,"minecraft:birch_log":3,"minecraft:feather":2,"minecraft:lilac":8,"mekanism:raw_lead":19,"minecraft:water_bucket":1,"minecraft:andesite":6,"minecraft:leather":3,"mekanismtools:osmium_sword":1,"minecraft:potato":250,"alexsmobs:bear_fur":2,"minecraft:flint":8,"minecraft:oak_log":281,"minecraft:cobblestone_wall":1,"minecraft:deepslate_tile_slab":1,"minecraft:lapis_lazuli":109,"minecraft:dirt":4067,"minecraft:cooked_mutton":2,"minecraft:bone":34,"minecraft:bow":7,"minecraft:wheat_seeds":103,"minecraft:orange_tulip":23,"minecraft:raw_gold":18,"minecraft:iron_ingot":95,"minecraft:oak_fence_gate":1,"minecraft:stone_pickaxe":8,"minecraft:moss_block":13,"minecraft:iron_sword":10,"minecraft:stone_hoe":6,"minecraft:oak_planks":13,"minecraft:smooth_basalt":5,"minecraft:pumpkin":2,"minecraft:sweet_berries":79,"minecraft:dandelion":1,"minecraft:gravel":49,"minecraft:white_bed":12,"minecraft:spruce_log":3,"mekanism:raw_osmium":110,"minecraft:spider_eye":2,"alexsmobs:animal_dictionary":1,"minecraft:mossy_cobblestone":1,"minecraft:diamond":2,"minecraft:stone_axe":6,"minecraft:iron_helmet":10,"mekanism:fluorite_gem":24,"minecraft:bone_meal":3,"mekanismtools:osmium_pickaxe":8,"minecraft:spruce_sign":2,"minecraft:brown_mushroom":6,"minecraft:rooted_dirt":2,"minecraft:baked_potato":197,"minecraft:oak_sapling":17,"minecraft:black_wool":1,"minecraft:coal":533,"minecraft:sunflower":1},"minecraft:killed_by":{"minecraft:player":1,"minecraft:creeper":1,"minecraft:enderman":3,"minecraft:skeleton":1,"minecraft:zombie":2,"alexsmobs:grizzly_bear":1},"minecraft:broken":{"mekanismtools:osmium_pickaxe":1,"minecraft:wooden_shovel":14,"minecraft:stone_sword":1,"minecraft:iron_leggings":1,"minecraft:wooden_pickaxe":1,"minecraft:stone_pickaxe":5,"minecraft:iron_sword":1,"minecraft:iron_pickaxe":1,"minecraft:iron_helmet":1,"minecraft:wooden_axe":1,"minecraft:stone_shovel":20},"minecraft:crafted":{"minecraft:oak_door":3,"minecraft:oak_planks":356,"minecraft:stone_shovel":24,"mekanism:ingot_osmium":6,"minecraft:furnace":6,"minecraft:stone":1,"minecraft:bone_meal":18,"minecraft:oak_trapdoor":4,"minecraft:iron_boots":1,"minecraft:stone_pickaxe":4,"minecraft:chest":6,"minecraft:stone_hoe":1,"minecraft:oak_fence":72,"mekanismtools:osmium_pickaxe":2,"minecraft:wooden_shovel":15,"minecraft:crafting_table":1,"minecraft:spruce_planks":12,"minecraft:iron_helmet":1,"minecraft:wooden_pickaxe":4,"minecraft:baked_potato":95,"minecraft:iron_sword":1,"minecraft:copper_ingot":158,"minecraft:bucket":2,"minecraft:birch_planks":4,"minecraft:stone_axe":1,"minecraft:oak_fence_gate":5,"minecraft:iron_chestplate":1,"minecraft:stick":180,"minecraft:iron_ingot":201,"minecraft:wooden_axe":4,"minecraft:gold_ingot":1,"minecraft:iron_leggings":1,"minecraft:white_bed":1,"minecraft:torch":90,"minecraft:smooth_stone":1,"minecraft:shears":1},"minecraft:mined":{"minecraft:white_bed":9,"minecraft:mossy_cobblestone":1,"minecraft:deepslate_diamond_ore":2,"minecraft:oak_door":6,"minecraft:glow_lichen":1,"minecraft:allium":4,"minecraft:grass_block":1573,"minecraft:moss_block":3,"minecraft:oxeye_daisy":1,"minecraft:large_fern":7,"minecraft:redstone_ore":6,"minecraft:oak_trapdoor":13,"minecraft:iron_ore":158,"minecraft:andesite":8,"minecraft:pumpkin":2,"minecraft:peony":3,"minecraft:azure_bluet":3,"minecraft:potatoes":71,"minecraft:red_tulip":1,"minecraft:dirt_path":4,"minecraft:vine":8,"minecraft:deepslate_iron_ore":22,"minecraft:rail":2,"minecraft:pink_tulip":8,"minecraft:white_tulip":9,"minecraft:stone":1340,"minecraft:green_bed":2,"mekanism:deepslate_lead_ore":1,"minecraft:deepslate_redstone_ore":9,"minecraft:brown_mushroom":1,"mekanism:osmium_ore":33,"minecraft:hanging_roots":1,"minecraft:oak_fence":4,"minecraft:crafting_table":5,"minecraft:torch":31,"minecraft:poppy":2,"minecraft:chest":5,"minecraft:rose_bush":15,"mekanism:tin_ore":7,"minecraft:copper_ore":121,"minecraft:tall_grass":60,"minecraft:cobblestone":136,"minecraft:deepslate_coal_ore":3,"minecraft:deepslate_gold_ore":6,"minecraft:lapis_ore":11,"minecraft:oak_planks":4,"minecraft:wall_torch":44,"minecraft:birch_sapling":1,"minecraft:seagrass":1,"minecraft:coarse_dirt":3,"mekanism:fluorite_ore":8,"minecraft:birch_log":2,"minecraft:sweet_berry_bush":21,"minecraft:wheat":25,"minecraft:lilac":5,"minecraft:birch_leaves":47,"minecraft:grass":102,"mekanism:deepslate_tin_ore":1,"minecraft:coal_ore":347,"minecraft:oak_log":103,"mekanism:lead_ore":17,"minecraft:oak_fence_gate":1,"minecraft:gravel":49,"minecraft:dirt":1946,"mekanism:deepslate_fluorite_ore":1,"minecraft:cobweb":104,"mekanism:deepslate_uranium_ore":2,"minecraft:smooth_basalt":5,"minecraft:oak_sapling":2,"minecraft:red_mushroom_block":2,"minecraft:gold_ore":11,"minecraft:oak_leaves":135,"minecraft:deepslate":15,"minecraft:fern":3},"minecraft:killed":{"alexsmobs:hummingbird":1,"minecraft:cave_spider":9,"alexsmobs:raccoon":1,"minecraft:spider":7,"minecraft:skeleton":15,"mekanismadditions:baby_skeleton":4,"minecraft:chicken":1,"minecraft:pig":4,"minecraft:creeper":1,"minecraft:zombie":23,"alexsmobs:cockroach":1,"minecraft:cow":1},"minecraft:dropped":{"minecraft:water_bucket":1,"minecraft:wheat_seeds":4,"mekanismgenerators:heat_generator":1,"minecraft:lilac":8,"minecraft:oak_log":1,"minecraft:baked_potato":1,"minecraft:orange_tulip":13,"minecraft:cobblestone":755,"minecraft:rail":2,"minecraft:flint":1,"minecraft:oxeye_daisy":10,"minecraft:dirt":2165,"minecraft:torch":7,"minecraft:wooden_axe":3,"minecraft:rose_bush":24,"minecraft:bone_meal":3,"minecraft:iron_pickaxe":1,"minecraft:bucket":1,"minecraft:pink_tulip":24,"minecraft:bone":4,"minecraft:gravel":28,"minecraft:white_tulip":31,"minecraft:sweet_berries":2,"minecraft:coarse_dirt":1,"mekanismtools:osmium_pickaxe":5,"minecraft:stone_shovel":9,"minecraft:rotten_flesh":16,"minecraft:oak_planks":4,"minecraft:azure_bluet":8,"alexsmobs:bear_fur":2,"minecraft:poppy":4,"minecraft:allium":9,"minecraft:peony":6,"minecraft:andesite":4,"minecraft:oak_sapling":4,"minecraft:stone_pickaxe":2,"minecraft:wooden_pickaxe":1,"minecraft:red_tulip":2}},"DataVersion":3465}