{"stats":{"minecraft:broken":{"minecraft:wooden_shovel":14,"minecraft:wooden_pickaxe":1,"minecraft:stone_pickaxe":5,"minecraft:stone_shovel":18},"minecraft:dropped":{"minecraft:wheat_seeds":4,"minecraft:oak_log":1,"minecraft:orange_tulip":9,"minecraft:cobblestone":426,"minecraft:flint":1,"minecraft:oxeye_daisy":6,"minecraft:dirt":2148,"minecraft:torch":1,"minecraft:wooden_axe":3,"minecraft:rose_bush":24,"minecraft:iron_pickaxe":1,"minecraft:bucket":1,"minecraft:bone":4,"minecraft:pink_tulip":14,"minecraft:gravel":20,"minecraft:white_tulip":19,"minecraft:sweet_berries":2,"minecraft:stone_shovel":9,"minecraft:rotten_flesh":7,"minecraft:oak_planks":4,"minecraft:azure_bluet":6,"alexsmobs:bear_fur":2,"minecraft:poppy":4,"minecraft:allium":6,"minecraft:andesite":4,"minecraft:oak_sapling":4,"minecraft:wooden_pickaxe":1,"minecraft:stone_pickaxe":2},"minecraft:custom":{"minecraft:mob_kills":18,"minecraft:interact_with_crafting_table":54,"minecraft:damage_dealt_resisted":45,"minecraft:leave_game":9,"minecraft:time_since_death":148156,"minecraft:climb_one_cm":624,"minecraft:sprint_one_cm":553433,"minecraft:walk_one_cm":1628470,"minecraft:drop":274,"minecraft:talked_to_villager":3,"minecraft:play_time":324796,"minecraft:deaths":4,"minecraft:sneak_time":9815,"minecraft:walk_under_water_one_cm":11062,"minecraft:jump":3129,"minecraft:walk_on_water_one_cm":23971,"minecraft:total_world_time":324796,"minecraft:interact_with_furnace":1,"minecraft:sleep_in_bed":20,"minecraft:time_since_rest":10690,"minecraft:damage_taken":2747,"minecraft:damage_dealt":3331,"minecraft:swim_one_cm":3176,"minecraft:fly_one_cm":224746,"minecraft:open_chest":23,"minecraft:crouch_one_cm":41215,"minecraft:fall_one_cm":53962},"minecraft:picked_up":{"minecraft:wooden_axe":6,"minecraft:coarse_dirt":2,"minecraft:charcoal":3,"minecraft:crafting_table":5,"minecraft:iron_chestplate":4,"minecraft:allium":7,"minecraft:azure_bluet":7,"minecraft:stone_slab":2,"minecraft:wooden_pickaxe":4,"minecraft:oak_trapdoor":13,"minecraft:string":3,"minecraft:raw_copper":3,"minecraft:wooden_sword":1,"minecraft:iron_leggings":3,"minecraft:bucket":1,"minecraft:white_tulip":19,"minecraft:rose_bush":24,"minecraft:wooden_shovel":1,"minecraft:poppy":4,"minecraft:iron_pickaxe":5,"minecraft:chest":5,"minecraft:egg":1,"minecraft:iron_boots":4,"minecraft:stick":9,"minecraft:oak_door":3,"minecraft:torch":31,"minecraft:green_bed":2,"minecraft:carrot":1,"mekanism:raw_tin":5,"minecraft:rotten_flesh":19,"minecraft:stone_sword":4,"minecraft:arrow":7,"minecraft:stone_shovel":8,"minecraft:pink_tulip":16,"minecraft:glow_berries":19,"minecraft:cobblestone":866,"minecraft:white_wool":1,"minecraft:oxeye_daisy":8,"minecraft:birch_log":2,"minecraft:andesite":6,"minecraft:leather":1,"minecraft:potato":29,"alexsmobs:bear_fur":2,"minecraft:flint":3,"minecraft:oak_log":106,"minecraft:cobblestone_wall":1,"minecraft:deepslate_tile_slab":1,"minecraft:dirt":3538,"minecraft:cooked_mutton":2,"minecraft:bone":8,"minecraft:bow":2,"minecraft:orange_tulip":15,"minecraft:wheat_seeds":18,"minecraft:oak_fence_gate":1,"minecraft:stone_pickaxe":8,"minecraft:iron_sword":4,"minecraft:stone_hoe":1,"minecraft:oak_planks":1,"minecraft:pumpkin":2,"minecraft:sweet_berries":79,"minecraft:dandelion":1,"minecraft:gravel":37,"minecraft:white_bed":5,"mekanism:raw_osmium":4,"alexsmobs:animal_dictionary":1,"minecraft:stone_axe":1,"minecraft:iron_helmet":4,"minecraft:spruce_sign":2,"minecraft:baked_potato":44,"minecraft:oak_sapling":6,"minecraft:black_wool":1,"minecraft:coal":106,"minecraft:sunflower":1},"minecraft:used":{"minecraft:oak_trapdoor":15,"minecraft:oak_fence":12,"minecraft:stone_sword":70,"minecraft:stone_shovel":2370,"minecraft:chest":3,"minecraft:iron_sword":111,"minecraft:wooden_shovel":783,"minecraft:stone_hoe":50,"minecraft:oak_door":3,"minecraft:rotten_flesh":3,"minecraft:torch":32,"minecraft:dirt":642,"minecraft:carrot":1,"minecraft:oak_fence_gate":3,"minecraft:wooden_axe":56,"minecraft:sweet_berries":65,"minecraft:furnace":2,"minecraft:egg":1,"minecraft:potato":30,"minecraft:pumpkin":2,"minecraft:wheat_seeds":5,"minecraft:cooked_mutton":2,"minecraft:water_bucket":10,"minecraft:stone_pickaxe":632,"minecraft:baked_potato":28,"minecraft:wooden_pickaxe":88,"minecraft:spruce_sign":2,"minecraft:green_bed":2,"minecraft:glow_berries":26,"minecraft:crafting_table":4,"minecraft:white_bed":5,"minecraft:oak_log":1,"minecraft:sunflower":1,"minecraft:iron_pickaxe":126,"minecraft:stone_axe":7,"minecraft:cobblestone":41,"minecraft:bucket":10,"minecraft:coarse_dirt":1},"minecraft:mined":{"minecraft:white_bed":3,"minecraft:oak_door":3,"minecraft:allium":2,"minecraft:grass_block":1340,"minecraft:oxeye_daisy":1,"minecraft:large_fern":5,"minecraft:oak_trapdoor":13,"minecraft:andesite":8,"minecraft:pumpkin":2,"minecraft:azure_bluet":3,"minecraft:potatoes":13,"minecraft:dirt_path":4,"minecraft:pink_tulip":7,"minecraft:white_tulip":8,"minecraft:stone":664,"minecraft:green_bed":2,"mekanism:osmium_ore":2,"minecraft:crafting_table":3,"minecraft:torch":15,"minecraft:poppy":2,"minecraft:chest":2,"minecraft:rose_bush":15,"mekanism:tin_ore":4,"minecraft:tall_grass":22,"minecraft:copper_ore":1,"minecraft:cobblestone":33,"minecraft:deepslate_coal_ore":1,"minecraft:wall_torch":13,"minecraft:coarse_dirt":2,"minecraft:birch_log":2,"minecraft:wheat":1,"minecraft:sweet_berry_bush":21,"minecraft:birch_leaves":3,"minecraft:grass":34,"mekanism:deepslate_tin_ore":1,"minecraft:oak_log":67,"minecraft:coal_ore":17,"minecraft:oak_fence_gate":1,"minecraft:gravel":37,"minecraft:dirt":1792,"minecraft:oak_leaves":18},"minecraft:crafted":{"minecraft:oak_door":3,"minecraft:oak_planks":112,"minecraft:stone_shovel":21,"minecraft:furnace":2,"minecraft:oak_trapdoor":2,"minecraft:stone_pickaxe":4,"minecraft:stone_hoe":1,"minecraft:oak_fence":15,"minecraft:wooden_shovel":13,"minecraft:wooden_pickaxe":2,"minecraft:bucket":1,"minecraft:stone_axe":1,"minecraft:oak_fence_gate":2,"minecraft:stick":96,"minecraft:wooden_axe":2,"minecraft:torch":2},"minecraft:killed_by":{"minecraft:player":1,"minecraft:skeleton":1,"minecraft:zombie":1,"alexsmobs:grizzly_bear":1},"minecraft:killed":{"alexsmobs:hummingbird":1,"minecraft:spider":1,"minecraft:skeleton":2,"mekanismadditions:baby_skeleton":1,"minecraft:zombie":12}},"DataVersion":3465}