{"stats":{"minecraft:used":{"minecraft:oak_trapdoor":16,"minecraft:oak_fence":63,"minecraft:iron_shovel":69,"minecraft:stone_sword":153,"minecraft:stone_shovel":2632,"minecraft:chest":12,"minecraft:iron_sword":159,"minecraft:oak_door":8,"minecraft:wooden_shovel":783,"minecraft:rotten_flesh":3,"minecraft:stone_hoe":102,"minecraft:iron_chestplate":1,"minecraft:torch":156,"minecraft:dirt":1078,"mekanismtools:osmium_sword":239,"minecraft:carrot":1,"minecraft:milk_bucket":1,"minecraft:oak_fence_gate":6,"minecraft:wooden_axe":105,"minecraft:birch_sapling":5,"minecraft:smooth_basalt":5,"minecraft:sweet_berries":65,"minecraft:oak_sapling":9,"minecraft:furnace":6,"minecraft:egg":1,"minecraft:potato":91,"minecraft:pumpkin":2,"minecraft:wheat_seeds":30,"minecraft:cooked_mutton":2,"minecraft:water_bucket":15,"minecraft:stone_pickaxe":632,"minecraft:baked_potato":98,"minecraft:wooden_pickaxe":89,"minecraft:spruce_sign":2,"minecraft:green_bed":2,"minecraft:glow_berries":26,"minecraft:crafting_table":6,"minecraft:white_bed":11,"mekanismtools:osmium_pickaxe":1417,"minecraft:oak_log":5,"minecraft:sunflower":1,"minecraft:iron_pickaxe":252,"minecraft:stone_axe":9,"minecraft:cobblestone":382,"minecraft:bucket":15,"minecraft:coarse_dirt":2,"minecraft:bone_meal":12,"minecraft:moss_block":2},"minecraft:custom":{"minecraft:interact_with_anvil":6,"minecraft:mob_kills":53,"minecraft:animals_bred":9,"minecraft:interact_with_crafting_table":121,"goblintraders:trade_with_goblin":66,"minecraft:damage_dealt_resisted":45,"minecraft:leave_game":16,"minecraft:time_since_death":281428,"minecraft:climb_one_cm":11415,"minecraft:sprint_one_cm":1093337,"minecraft:walk_one_cm":3437310,"minecraft:drop":358,"minecraft:damage_dealt_absorbed":80,"minecraft:talked_to_villager":3,"minecraft:play_time":744022,"minecraft:sneak_time":16712,"minecraft:deaths":12,"minecraft:walk_under_water_one_cm":64841,"minecraft:jump":7339,"minecraft:walk_on_water_one_cm":104950,"minecraft:total_world_time":744022,"minecraft:interact_with_furnace":32,"minecraft:sleep_in_bed":43,"minecraft:time_since_rest":29258,"minecraft:damage_taken":7955,"minecraft:damage_dealt":9257,"minecraft:swim_one_cm":14884,"minecraft:fly_one_cm":612421,"minecraft:open_chest":148,"minecraft:crouch_one_cm":72909,"minecraft:fall_one_cm":130543},"minecraft:picked_up":{"minecraft:wooden_axe":17,"minecraft:charcoal":3,"minecraft:iron_chestplate":11,"minecraft:coarse_dirt":6,"minecraft:crafting_table":6,"minecraft:wheat":15,"minecraft:allium":12,"minecraft:azure_bluet":9,"minecraft:chicken":1,"minecraft:stone_slab":2,"minecraft:wooden_pickaxe":8,"minecraft:oak_trapdoor":14,"minecraft:string":167,"mekanismgenerators:heat_generator":1,"minecraft:raw_copper":428,"minecraft:wooden_sword":1,"minecraft:iron_leggings":9,"minecraft:iron_shovel":1,"minecraft:cobbled_deepslate":9,"minecraft:bucket":7,"minecraft:beef":1,"minecraft:white_tulip":31,"minecraft:rose_bush":24,"minecraft:light_gray_wool":3,"minecraft:wooden_shovel":3,"minecraft:poppy":4,"minecraft:iron_pickaxe":10,"alexsmobs:raccoon_tail":1,"minecraft:chest":8,"minecraft:birch_sapling":5,"minecraft:iron_boots":10,"minecraft:egg":1,"minecraft:stick":23,"minecraft:raw_iron":136,"minecraft:oak_door":21,"minecraft:copper_ingot":85,"minecraft:oak_fence":19,"minecraft:torch":85,"minecraft:green_bed":2,"sophisticatedbackpacks:backpack":4,"minecraft:porkchop":3,"minecraft:carrot":1,"minecraft:redstone":50,"mekanism:raw_tin":28,"minecraft:stone_sword":9,"minecraft:arrow":43,"minecraft:stone_shovel":8,"minecraft:rotten_flesh":51,"minecraft:peony":6,"minecraft:red_tulip":2,"minecraft:pink_tulip":30,"minecraft:white_terracotta":1,"minecraft:glow_berries":19,"minecraft:mutton":1,"minecraft:white_wool":11,"minecraft:cobblestone":2129,"minecraft:oxeye_daisy":16,"minecraft:birch_log":3,"minecraft:feather":2,"minecraft:lilac":8,"mekanism:raw_lead":11,"minecraft:water_bucket":1,"minecraft:andesite":6,"minecraft:leather":3,"mekanismtools:osmium_sword":1,"minecraft:potato":195,"alexsmobs:bear_fur":2,"minecraft:flint":8,"minecraft:oak_log":279,"minecraft:cobblestone_wall":1,"minecraft:lapis_lazuli":54,"minecraft:deepslate_tile_slab":1,"minecraft:dirt":4059,"minecraft:cooked_mutton":2,"minecraft:bone":27,"minecraft:bow":7,"minecraft:wheat_seeds":83,"minecraft:orange_tulip":23,"minecraft:raw_gold":4,"minecraft:iron_ingot":95,"minecraft:oak_fence_gate":1,"minecraft:stone_pickaxe":8,"minecraft:moss_block":3,"minecraft:iron_sword":10,"minecraft:stone_hoe":6,"minecraft:oak_planks":10,"minecraft:smooth_basalt":5,"minecraft:pumpkin":2,"minecraft:sweet_berries":79,"minecraft:dandelion":1,"minecraft:gravel":48,"minecraft:white_bed":11,"minecraft:spruce_log":3,"mekanism:raw_osmium":103,"alexsmobs:animal_dictionary":1,"minecraft:mossy_cobblestone":1,"minecraft:diamond":2,"minecraft:stone_axe":6,"minecraft:iron_helmet":10,"mekanism:fluorite_gem":20,"minecraft:bone_meal":3,"mekanismtools:osmium_pickaxe":8,"minecraft:spruce_sign":2,"minecraft:baked_potato":197,"minecraft:oak_sapling":15,"minecraft:black_wool":1,"minecraft:coal":533,"mekanism:raw_uranium":2,"minecraft:sunflower":1},"minecraft:killed_by":{"minecraft:player":1,"minecraft:creeper":1,"minecraft:enderman":3,"minecraft:skeleton":1,"minecraft:zombie":2,"alexsmobs:grizzly_bear":1},"minecraft:broken":{"mekanismtools:osmium_pickaxe":1,"minecraft:wooden_shovel":14,"minecraft:stone_sword":1,"minecraft:iron_leggings":1,"minecraft:wooden_pickaxe":1,"minecraft:stone_pickaxe":5,"minecraft:iron_sword":1,"minecraft:iron_pickaxe":1,"minecraft:iron_helmet":1,"minecraft:wooden_axe":1,"minecraft:stone_shovel":20},"minecraft:crafted":{"minecraft:oak_door":3,"minecraft:oak_planks":356,"minecraft:stone_shovel":24,"mekanism:ingot_osmium":6,"minecraft:furnace":6,"minecraft:bone_meal":18,"minecraft:oak_trapdoor":4,"minecraft:iron_boots":1,"minecraft:stone_pickaxe":4,"minecraft:chest":6,"minecraft:stone_hoe":1,"minecraft:oak_fence":72,"mekanismtools:osmium_pickaxe":2,"minecraft:wooden_shovel":15,"minecraft:crafting_table":1,"minecraft:spruce_planks":12,"minecraft:iron_helmet":1,"minecraft:baked_potato":95,"minecraft:wooden_pickaxe":4,"minecraft:iron_sword":1,"minecraft:copper_ingot":94,"minecraft:birch_planks":4,"minecraft:bucket":2,"minecraft:stone_axe":1,"minecraft:oak_fence_gate":5,"minecraft:iron_chestplate":1,"minecraft:stick":180,"minecraft:iron_ingot":116,"minecraft:wooden_axe":4,"minecraft:iron_leggings":1,"minecraft:white_bed":1,"minecraft:torch":90,"minecraft:shears":1},"minecraft:mined":{"minecraft:deepslate_diamond_ore":2,"minecraft:white_bed":8,"minecraft:mossy_cobblestone":1,"minecraft:oak_door":6,"minecraft:glow_lichen":1,"minecraft:allium":4,"minecraft:grass_block":1573,"minecraft:moss_block":3,"minecraft:oxeye_daisy":1,"minecraft:large_fern":7,"minecraft:redstone_ore":5,"minecraft:oak_trapdoor":13,"minecraft:iron_ore":107,"minecraft:andesite":8,"minecraft:pumpkin":2,"minecraft:peony":3,"minecraft:azure_bluet":3,"minecraft:red_tulip":1,"minecraft:potatoes":55,"minecraft:dirt_path":4,"minecraft:vine":8,"minecraft:deepslate_iron_ore":20,"minecraft:pink_tulip":8,"minecraft:white_tulip":9,"minecraft:stone":1278,"minecraft:green_bed":2,"minecraft:deepslate_redstone_ore":6,"mekanism:osmium_ore":26,"minecraft:hanging_roots":1,"minecraft:oak_fence":4,"minecraft:crafting_table":4,"minecraft:torch":31,"minecraft:poppy":2,"minecraft:chest":5,"minecraft:rose_bush":15,"mekanism:tin_ore":7,"minecraft:copper_ore":109,"minecraft:tall_grass":60,"minecraft:cobblestone":124,"minecraft:deepslate_coal_ore":3,"minecraft:lapis_ore":4,"minecraft:oak_planks":1,"minecraft:wall_torch":41,"minecraft:seagrass":1,"minecraft:coarse_dirt":3,"mekanism:fluorite_ore":6,"minecraft:birch_log":2,"minecraft:wheat":17,"minecraft:sweet_berry_bush":21,"minecraft:lilac":5,"minecraft:birch_leaves":47,"minecraft:grass":102,"mekanism:deepslate_tin_ore":1,"minecraft:oak_log":101,"minecraft:coal_ore":347,"mekanism:lead_ore":10,"minecraft:oak_fence_gate":1,"minecraft:gravel":48,"minecraft:dirt":1944,"mekanism:deepslate_fluorite_ore":1,"minecraft:cobweb":98,"mekanism:deepslate_uranium_ore":2,"minecraft:smooth_basalt":5,"minecraft:red_mushroom_block":2,"minecraft:gold_ore":3,"minecraft:oak_leaves":132,"minecraft:deepslate":9,"minecraft:fern":3},"minecraft:killed":{"alexsmobs:hummingbird":1,"minecraft:cave_spider":5,"alexsmobs:raccoon":1,"minecraft:spider":6,"minecraft:skeleton":9,"mekanismadditions:baby_skeleton":4,"minecraft:chicken":1,"minecraft:pig":1,"minecraft:creeper":1,"alexsmobs:cockroach":1,"minecraft:zombie":20,"minecraft:cow":1},"minecraft:dropped":{"minecraft:water_bucket":1,"minecraft:wheat_seeds":4,"mekanismgenerators:heat_generator":1,"minecraft:lilac":8,"minecraft:oak_log":1,"minecraft:baked_potato":1,"minecraft:orange_tulip":13,"minecraft:cobblestone":755,"minecraft:flint":1,"minecraft:oxeye_daisy":10,"minecraft:dirt":2165,"minecraft:torch":7,"minecraft:wooden_axe":3,"minecraft:rose_bush":24,"minecraft:bone_meal":3,"minecraft:iron_pickaxe":1,"minecraft:bucket":1,"minecraft:pink_tulip":24,"minecraft:bone":4,"minecraft:gravel":28,"minecraft:white_tulip":31,"minecraft:sweet_berries":2,"mekanismtools:osmium_pickaxe":5,"minecraft:stone_shovel":9,"minecraft:rotten_flesh":9,"minecraft:oak_planks":4,"minecraft:azure_bluet":8,"alexsmobs:bear_fur":2,"minecraft:poppy":4,"minecraft:allium":9,"minecraft:peony":6,"minecraft:andesite":4,"minecraft:oak_sapling":4,"minecraft:stone_pickaxe":2,"minecraft:wooden_pickaxe":1,"minecraft:red_tulip":2}},"DataVersion":3465}