{"stats":{"minecraft:picked_up":{"minecraft:birch_log":7,"minecraft:crafting_table":1,"minecraft:tripwire_hook":1,"minecraft:andesite":321,"minecraft:wooden_pickaxe":1,"minecraft:potato":16,"minecraft:gold_block":1,"minecraft:flint":7,"minecraft:oak_log":41,"minecraft:yellow_bed":2,"minecraft:dirt":109,"minecraft:red_bed":2,"minecraft:raw_copper":17,"mekanismtools:iron_paxel":1,"minecraft:wooden_sword":1,"minecraft:apple":8,"minecraft:bow":1,"minecraft:wheat_seeds":1,"minecraft:beef":4,"minecraft:stone_pickaxe":1,"minecraft:birch_sapling":1,"minecraft:scaffolding":6,"minecraft:stick":1,"minecraft:raw_iron":1,"minecraft:torch":1,"minecraft:gravel":70,"minecraft:amethyst_shard":2,"minecraft:spectral_arrow":8,"minecraft:mossy_stone_brick_slab":2,"alexsmobs:animal_dictionary":2,"minecraft:arrow":2,"alexsmobs:maggot":1,"minecraft:coal":20,"minecraft:cobblestone":357},"minecraft:dropped":{"minecraft:gravel":60,"minecraft:cooked_beef":3,"minecraft:potato":8,"minecraft:andesite":1,"mekanismtools:iron_paxel":1},"minecraft:used":{"minecraft:stone_pickaxe":141,"minecraft:wooden_pickaxe":579,"minecraft:wooden_shovel":202,"minecraft:oak_door":2,"minecraft:torch":16,"minecraft:dirt":20,"minecraft:crafting_table":1,"minecraft:red_bed":1,"minecraft:wooden_axe":46,"minecraft:apple":10,"minecraft:bread":1,"minecraft:gravel":2,"minecraft:tripwire_hook":1,"minecraft:wooden_sword":10,"minecraft:cobblestone":217,"minecraft:bow":2,"minecraft:beef":2,"minecraft:scaffolding":6,"minecraft:andesite":304,"minecraft:yellow_bed":1,"alexsmobs:animal_dictionary":2,"minecraft:potato":8,"minecraft:cooked_beef":4},"minecraft:crafted":{"minecraft:oak_door":3,"minecraft:oak_planks":68,"minecraft:wooden_shovel":3,"minecraft:crafting_table":1,"minecraft:wooden_pickaxe":10,"minecraft:stick":36,"minecraft:stone_pickaxe":1,"minecraft:wooden_axe":1,"minecraft:torch":16},"minecraft:broken":{"minecraft:stone_pickaxe":1,"minecraft:wooden_shovel":3,"minecraft:wooden_pickaxe":10},"minecraft:killed":{"minecraft:cow":1},"minecraft:mined":{"minecraft:scaffolding":4,"minecraft:red_bed":2,"minecraft:mossy_stone_brick_slab":2,"minecraft:crafting_table":1,"minecraft:torch":1,"minecraft:grass_block":79,"minecraft:white_stained_glass_pane":2,"minecraft:copper_ore":6,"minecraft:cobblestone":4,"minecraft:tall_grass":4,"minecraft:wall_torch":7,"minecraft:birch_log":7,"minecraft:iron_ore":1,"minecraft:andesite":321,"minecraft:yellow_bed":1,"minecraft:grass":26,"minecraft:coal_ore":20,"minecraft:oak_log":41,"minecraft:gravel":77,"minecraft:dirt":32,"minecraft:tripwire_hook":1,"minecraft:stone":354,"minecraft:oak_leaves":13,"minecraft:fern":1},"minecraft:custom":{"minecraft:interact_with_furnace":2,"minecraft:mob_kills":1,"minecraft:interact_with_crafting_table":13,"minecraft:open_barrel":2,"minecraft:leave_game":1,"minecraft:time_since_death":91890,"minecraft:sleep_in_bed":9,"minecraft:climb_one_cm":4184,"minecraft:time_since_rest":6314,"minecraft:sprint_one_cm":201973,"minecraft:walk_one_cm":552601,"minecraft:damage_taken":830,"minecraft:drop":5,"minecraft:damage_dealt":209,"minecraft:talked_to_villager":2,"minecraft:swim_one_cm":10240,"minecraft:fly_one_cm":147095,"minecraft:open_chest":5,"minecraft:crouch_one_cm":22024,"minecraft:play_time":120715,"minecraft:deaths":1,"minecraft:sneak_time":4169,"minecraft:walk_under_water_one_cm":16436,"minecraft:jump":1732,"minecraft:walk_on_water_one_cm":29629,"minecraft:total_world_time":120715,"minecraft:fall_one_cm":37895}},"DataVersion":3465}