{"stats":{"minecraft:mined":{"minecraft:tuff":9,"minecraft:deepslate_diamond_ore":11,"minecraft:mossy_stone_brick_slab":2,"mekanism:deepslate_osmium_ore":22,"minecraft:grass_block":79,"minecraft:redstone_ore":1,"minecraft:iron_ore":66,"minecraft:cobbled_deepslate":1,"minecraft:andesite":370,"minecraft:gold_block":3,"minecraft:oak_wall_hanging_sign":4,"minecraft:deepslate_iron_ore":27,"minecraft:stone":359,"minecraft:deepslate_redstone_ore":6,"minecraft:scaffolding":4,"mekanism:osmium_ore":16,"minecraft:red_bed":2,"minecraft:crafting_table":2,"minecraft:torch":7,"minecraft:chest":2,"minecraft:white_stained_glass_pane":2,"minecraft:tall_grass":4,"minecraft:copper_ore":16,"minecraft:cobblestone":12,"minecraft:lapis_ore":3,"minecraft:deepslate_gold_ore":21,"minecraft:oak_planks":2,"minecraft:wall_torch":22,"minecraft:birch_log":7,"minecraft:tnt":2,"minecraft:yellow_bed":2,"minecraft:grass":34,"minecraft:oak_log":53,"minecraft:coal_ore":35,"mekanism:lead_ore":3,"minecraft:gravel":79,"minecraft:dirt":45,"minecraft:cobweb":2,"mekanism:deepslate_uranium_ore":5,"minecraft:smooth_basalt":1,"minecraft:tripwire_hook":1,"minecraft:gold_ore":4,"minecraft:oak_leaves":49,"minecraft:deepslate":69,"minecraft:fern":1},"minecraft:crafted":{"minecraft:oak_door":3,"minecraft:oak_planks":120,"mekanism:ingot_osmium":38,"comforts:sleeping_bag_white":1,"minecraft:furnace":1,"minecraft:cooked_mutton":6,"minecraft:iron_boots":1,"minecraft:stone_pickaxe":3,"minecraft:chest":4,"mekanismtools:osmium_pickaxe":1,"minecraft:wooden_shovel":3,"minecraft:crafting_table":1,"minecraft:wooden_pickaxe":10,"minecraft:iron_helmet":1,"minecraft:iron_sword":1,"minecraft:copper_ingot":60,"minecraft:iron_chestplate":1,"minecraft:shield":1,"minecraft:stick":48,"minecraft:iron_ingot":109,"minecraft:iron_pickaxe":1,"minecraft:wooden_axe":1,"minecraft:gold_ingot":25,"minecraft:iron_leggings":1,"minecraft:torch":28},"minecraft:used":{"minecraft:flint_and_steel":5,"minecraft:chest":6,"minecraft:shield":15,"minecraft:stone":1,"minecraft:iron_sword":35,"minecraft:wooden_shovel":202,"minecraft:oak_door":2,"minecraft:torch":45,"minecraft:dirt":117,"minecraft:tuff":9,"alexsmobs:maggot":1,"minecraft:wooden_axe":60,"minecraft:tripwire_hook":1,"minecraft:bow":19,"minecraft:beef":2,"minecraft:scaffolding":6,"minecraft:furnace":1,"minecraft:gold_block":3,"comforts:sleeping_bag_white":8,"minecraft:cooked_beef":12,"minecraft:potato":8,"minecraft:cobbled_deepslate":38,"minecraft:cooked_mutton":6,"mekanismtools:osmium_paxel":1,"minecraft:stone_pickaxe":256,"minecraft:oak_planks":4,"minecraft:wooden_pickaxe":588,"minecraft:tnt":3,"minecraft:crafting_table":2,"minecraft:red_bed":1,"mekanismtools:osmium_pickaxe":44,"minecraft:oak_log":20,"minecraft:apple":10,"minecraft:bread":4,"minecraft:iron_pickaxe":254,"minecraft:gravel":6,"minecraft:wooden_sword":31,"minecraft:cobblestone":376,"minecraft:andesite":343,"minecraft:yellow_bed":2,"alexsmobs:animal_dictionary":2,"minecraft:oak_hanging_sign":4},"minecraft:killed":{"alexsmobs:raccoon":1,"minecraft:pig":2,"minecraft:sheep":5,"minecraft:zombie":3,"alexsmobs:terrapin":1,"minecraft:cow":4},"minecraft:custom":{"minecraft:mob_kills":16,"minecraft:interact_with_crafting_table":39,"minecraft:open_barrel":2,"goblintraders:trade_with_goblin":44,"minecraft:leave_game":3,"minecraft:time_since_death":248066,"minecraft:climb_one_cm":9025,"minecraft:sprint_one_cm":397347,"minecraft:walk_one_cm":1263008,"minecraft:damage_blocked_by_shield":504,"minecraft:drop":50,"minecraft:talked_to_villager":2,"minecraft:play_time":276891,"minecraft:deaths":1,"minecraft:sneak_time":8684,"minecraft:walk_under_water_one_cm":20672,"minecraft:jump":3802,"minecraft:walk_on_water_one_cm":52571,"minecraft:total_world_time":276891,"minecraft:interact_with_furnace":31,"minecraft:sleep_in_bed":26,"minecraft:time_since_rest":3125,"minecraft:damage_taken":1768,"minecraft:damage_dealt":1877,"minecraft:swim_one_cm":24791,"minecraft:fly_one_cm":290257,"minecraft:player_kills":1,"minecraft:open_chest":25,"minecraft:crouch_one_cm":41336,"minecraft:fall_one_cm":72353},"minecraft:picked_up":{"mekanismtools:osmium_paxel":1,"minecraft:crafting_table":2,"mekanism:raw_uranium":5,"minecraft:wooden_pickaxe":1,"minecraft:gold_block":3,"minecraft:oak_hanging_sign":4,"minecraft:string":1,"minecraft:red_bed":2,"minecraft:raw_copper":59,"minecraft:wooden_sword":1,"minecraft:flint_and_steel":1,"minecraft:cobbled_deepslate":71,"comforts:sleeping_bag_white":8,"minecraft:beef":12,"hangglider:hang_glider":1,"minecraft:chest":2,"minecraft:birch_sapling":1,"minecraft:stick":1,"minecraft:raw_iron":95,"minecraft:stone":5,"minecraft:oak_door":1,"minecraft:torch":19,"minecraft:redstone":32,"minecraft:tnt":3,"minecraft:arrow":2,"minecraft:rotten_flesh":7,"minecraft:gold_ingot":9,"minecraft:mutton":6,"minecraft:white_wool":5,"minecraft:cobblestone":389,"minecraft:birch_log":7,"minecraft:cooked_beef":9,"minecraft:glow_ink_sac":6,"mekanism:raw_lead":3,"minecraft:tripwire_hook":1,"minecraft:andesite":368,"minecraft:leather":4,"minecraft:potato":16,"minecraft:flint":7,"minecraft:tuff":10,"minecraft:oak_log":50,"minecraft:yellow_bed":3,"minecraft:lapis_lazuli":23,"minecraft:dirt":165,"mekanismtools:iron_paxel":1,"minecraft:apple":8,"minecraft:bow":1,"minecraft:wheat_seeds":6,"minecraft:raw_gold":25,"minecraft:stone_pickaxe":1,"minecraft:oak_planks":3,"minecraft:scaffolding":6,"minecraft:smooth_basalt":1,"minecraft:gravel":82,"minecraft:amethyst_shard":2,"alexsmobs:animal_dictionary":2,"mekanism:raw_osmium":38,"minecraft:mossy_stone_brick_slab":2,"minecraft:spectral_arrow":12,"minecraft:diamond":11,"minecraft:bread":15,"alexsmobs:maggot":1,"minecraft:oak_sapling":2,"minecraft:coal":55},"minecraft:broken":{"minecraft:wooden_shovel":3,"minecraft:wooden_pickaxe":10,"minecraft:stone_pickaxe":2,"minecraft:wooden_sword":1,"minecraft:iron_pickaxe":1,"minecraft:wooden_axe":1},"minecraft:dropped":{"minecraft:wheat_seeds":6,"minecraft:cooked_beef":3,"minecraft:glow_ink_sac":6,"minecraft:cobblestone":1,"minecraft:stick":3,"minecraft:dirt":45,"mekanismtools:osmium_paxel":1,"mekanismtools:iron_paxel":1,"minecraft:string":1,"minecraft:smooth_basalt":1,"minecraft:oak_door":2,"minecraft:gravel":76,"hangglider:hang_glider":1,"minecraft:cobbled_deepslate":4,"minecraft:tuff":1,"minecraft:rotten_flesh":7,"minecraft:potato":8,"minecraft:stone":4,"minecraft:andesite":23,"minecraft:wooden_pickaxe":1,"minecraft:stone_pickaxe":1}},"DataVersion":3465}