{"stats":{"minecraft:used":{"minecraft:stone_sword":131,"minecraft:chest":4,"minecraft:shield":3,"minecraft:cooked_salmon":1,"minecraft:cooked_chicken":12,"minecraft:torch":2,"minecraft:mutton":1,"minecraft:wooden_axe":13,"alexsmobs:maggot":1,"minecraft:iron_axe":27,"minecraft:birch_sapling":4,"minecraft:sweet_berries":18,"minecraft:oak_sapling":3,"minecraft:furnace":5,"comforts:sleeping_bag_white":8,"minecraft:egg":5,"minecraft:cooked_beef":9,"minecraft:golden_axe":1,"minecraft:cooked_mutton":8,"minecraft:spruce_door":1,"minecraft:birch_planks":117,"minecraft:oak_planks":56,"minecraft:stone_pickaxe":60,"minecraft:baked_potato":4,"minecraft:wooden_pickaxe":8,"minecraft:crafting_table":5,"minecraft:birch_sign":2,"minecraft:white_bed":2,"minecraft:smoker":2,"minecraft:oak_log":33,"minecraft:sunflower":1,"minecraft:bread":3,"minecraft:stone_axe":114,"minecraft:fire_charge":2,"minecraft:cobblestone":6,"minecraft:cooked_porkchop":1,"minecraft:porkchop":3,"minecraft:birch_log":4,"alexsmobs:animal_dictionary":2,"minecraft:oak_boat":1},"minecraft:broken":{"minecraft:stone_axe":1},"minecraft:dropped":{"minecraft:bread":3,"minecraft:wheat_seeds":6,"minecraft:cooked_beef":5,"minecraft:cooked_porkchop":5,"minecraft:sheaf_pottery_sherd":1,"minecraft:dirt":1,"minecraft:gray_wool":2,"minecraft:ice":1,"minecraft:ink_sac":2,"minecraft:wooden_axe":1,"minecraft:sand":4,"minecraft:dandelion":1,"minecraft:bone":5,"minecraft:iron_nugget":6,"minecraft:cooked_chicken":3,"minecraft:stone_sword":2,"minecraft:birch_sapling":1,"minecraft:rotten_flesh":5,"minecraft:oak_planks":7,"minecraft:cooked_mutton":7,"minecraft:shield":3,"minecraft:spider_eye":1,"minecraft:wooden_pickaxe":1,"minecraft:black_wool":2,"minecraft:egg":3},"minecraft:mined":{"minecraft:white_bed":1,"minecraft:grass_block":1,"minecraft:decorated_pot":1,"minecraft:furnace":4,"minecraft:iron_ore":1,"minecraft:peony":1,"minecraft:bell":3,"minecraft:stone":23,"minecraft:smoker":2,"minecraft:crafting_table":4,"minecraft:chest":2,"mekanism:tin_ore":1,"minecraft:tall_grass":8,"minecraft:oak_planks":4,"minecraft:sugar_cane":5,"minecraft:birch_sapling":1,"minecraft:birch_planks":8,"minecraft:birch_log":53,"minecraft:sweet_berry_bush":4,"minecraft:ice":1,"minecraft:birch_leaves":16,"minecraft:grass":18,"minecraft:oak_log":47,"minecraft:coal_ore":32,"minecraft:sunflower":3,"minecraft:birch_sign":1,"minecraft:oak_leaves":32,"minecraft:fern":2},"minecraft:crafted":{"minecraft:oak_planks":52,"minecraft:cooked_chicken":10,"minecraft:furnace":1,"minecraft:cooked_mutton":14,"minecraft:iron_axe":1,"minecraft:stone_pickaxe":1,"minecraft:chest":2,"minecraft:birch_sign":3,"minecraft:cooked_beef":14,"minecraft:cooked_porkchop":6,"minecraft:crafting_table":1,"minecraft:cooked_salmon":2,"minecraft:birch_planks":196,"minecraft:stone_axe":1,"minecraft:air":0,"minecraft:shield":3,"minecraft:stick":8,"minecraft:iron_ingot":3,"minecraft:stone_sword":1,"minecraft:white_bed":2},"minecraft:picked_up":{"minecraft:wooden_axe":1,"minecraft:crafting_table":4,"minecraft:chicken":15,"minecraft:wooden_pickaxe":1,"minecraft:shield":1,"minecraft:iron_shovel":1,"comforts:sleeping_bag_white":9,"minecraft:beef":14,"minecraft:oak_boat":2,"minecraft:iron_nugget":3,"minecraft:iron_pickaxe":1,"minecraft:sugar_cane":16,"minecraft:chest":2,"minecraft:birch_sapling":5,"minecraft:egg":8,"minecraft:furnace":4,"minecraft:stick":3,"minecraft:raw_iron":1,"minecraft:sheaf_pottery_sherd":1,"minecraft:torch":2,"minecraft:porkchop":9,"mekanism:raw_tin":1,"minecraft:stone_sword":2,"minecraft:arrow":8,"minecraft:rotten_flesh":5,"minecraft:mutton":37,"minecraft:white_wool":20,"minecraft:cobblestone":23,"minecraft:birch_log":53,"minecraft:feather":20,"minecraft:salmon":2,"minecraft:birch_planks":8,"minecraft:leather":2,"minecraft:smoker":2,"minecraft:potato":4,"alexsmobs:bison_fur":2,"minecraft:ice":1,"minecraft:oak_log":46,"minecraft:dirt":2,"minecraft:cooked_mutton":22,"minecraft:bone":5,"minecraft:wheat_seeds":6,"minecraft:cooked_chicken":5,"minecraft:oak_planks":40,"minecraft:sweet_berries":16,"minecraft:dandelion":1,"minecraft:sand":4,"minecraft:ink_sac":2,"minecraft:white_bed":1,"minecraft:spider_eye":1,"minecraft:spruce_door":1,"minecraft:birch_sign":1,"minecraft:gray_wool":2,"minecraft:bread":4,"minecraft:baked_potato":4,"alexsmobs:maggot":1,"minecraft:oak_sapling":3,"minecraft:black_wool":2,"minecraft:coal":110,"minecraft:sunflower":1},"minecraft:killed":{"minecraft:spider":2,"alexsmobs:seagull":1,"mekanismadditions:baby_skeleton":1,"minecraft:skeleton":5,"minecraft:chicken":16,"alexsmobs:bison":1,"minecraft:drowned":2,"minecraft:pig":5,"alexsmobs:grizzly_bear":1,"minecraft:salmon":2,"minecraft:sheep":25,"alexsmobs:catfish":1,"minecraft:zombie":7,"alexsmobs:fly":1,"minecraft:cow":4},"minecraft:custom":{"minecraft:mob_kills":74,"minecraft:interact_with_crafting_table":18,"minecraft:interact_with_campfire":8,"minecraft:bell_ring":184,"minecraft:leave_game":2,"minecraft:time_since_death":163294,"minecraft:climb_one_cm":508,"minecraft:sprint_one_cm":563299,"minecraft:walk_one_cm":337892,"minecraft:damage_blocked_by_shield":110,"minecraft:drop":67,"minecraft:play_time":163294,"minecraft:sneak_time":3207,"minecraft:walk_under_water_one_cm":23362,"minecraft:boat_one_cm":155431,"minecraft:jump":3856,"minecraft:interact_with_blast_furnace":1,"minecraft:walk_on_water_one_cm":28547,"minecraft:total_world_time":163294,"minecraft:interact_with_furnace":34,"minecraft:sleep_in_bed":16,"minecraft:time_since_rest":4913,"minecraft:damage_taken":1486,"minecraft:damage_dealt":7519,"minecraft:swim_one_cm":81488,"minecraft:fly_one_cm":898461,"minecraft:open_chest":24,"minecraft:crouch_one_cm":8656,"minecraft:interact_with_smoker":3,"minecraft:fall_one_cm":122608}},"DataVersion":3465}