{"stats":{"minecraft:broken":{"minecraft:stone_pickaxe":1,"minecraft:stone_axe":1},"minecraft:dropped":{"minecraft:bread":3,"minecraft:wheat_seeds":6,"minecraft:cooked_beef":5,"minecraft:cooked_porkchop":5,"minecraft:sheaf_pottery_sherd":1,"minecraft:dirt":1,"minecraft:gray_wool":2,"minecraft:ice":1,"minecraft:ink_sac":2,"minecraft:wooden_axe":1,"minecraft:sand":4,"minecraft:dandelion":1,"minecraft:bone":10,"minecraft:iron_nugget":6,"minecraft:cooked_chicken":3,"minecraft:stone_sword":2,"minecraft:birch_sapling":2,"minecraft:chicken":1,"minecraft:rotten_flesh":5,"minecraft:oak_planks":7,"minecraft:cooked_mutton":7,"minecraft:shield":3,"minecraft:spider_eye":1,"minecraft:wooden_pickaxe":1,"minecraft:black_wool":2,"minecraft:egg":3},"minecraft:custom":{"minecraft:mob_kills":92,"minecraft:interact_with_crafting_table":31,"minecraft:interact_with_campfire":8,"minecraft:bell_ring":184,"minecraft:leave_game":3,"minecraft:time_since_death":218346,"minecraft:climb_one_cm":532,"minecraft:sprint_one_cm":726036,"minecraft:walk_one_cm":444244,"minecraft:damage_blocked_by_shield":310,"minecraft:drop":74,"minecraft:play_time":218346,"minecraft:sneak_time":3913,"minecraft:walk_under_water_one_cm":36012,"minecraft:boat_one_cm":155431,"minecraft:jump":5008,"minecraft:interact_with_blast_furnace":1,"minecraft:walk_on_water_one_cm":41539,"minecraft:total_world_time":218346,"minecraft:interact_with_furnace":47,"minecraft:sleep_in_bed":23,"minecraft:time_since_rest":2022,"minecraft:damage_taken":2011,"minecraft:damage_dealt":9274,"minecraft:swim_one_cm":130384,"minecraft:fly_one_cm":1172297,"minecraft:open_chest":39,"minecraft:crouch_one_cm":9899,"minecraft:interact_with_smoker":15,"minecraft:fall_one_cm":154884},"minecraft:picked_up":{"minecraft:wooden_axe":1,"minecraft:crafting_table":5,"minecraft:chicken":19,"minecraft:clay_ball":148,"minecraft:wooden_pickaxe":1,"minecraft:shield":1,"minecraft:string":2,"minecraft:iron_shovel":1,"comforts:sleeping_bag_white":9,"minecraft:beef":23,"minecraft:oak_boat":2,"minecraft:iron_nugget":3,"minecraft:iron_pickaxe":1,"minecraft:light_gray_wool":1,"minecraft:sugar_cane":16,"minecraft:chest":2,"minecraft:birch_sapling":8,"minecraft:egg":8,"minecraft:furnace":4,"minecraft:sheaf_pottery_sherd":1,"minecraft:stick":4,"minecraft:raw_iron":2,"minecraft:torch":6,"minecraft:porkchop":14,"mekanism:raw_tin":1,"minecraft:stone_sword":2,"minecraft:arrow":10,"minecraft:rotten_flesh":5,"minecraft:cyan_terracotta":4,"minecraft:mutton":40,"minecraft:white_wool":21,"minecraft:cobblestone":55,"minecraft:birch_log":54,"minecraft:feather":21,"minecraft:salmon":2,"minecraft:leather":4,"minecraft:smoker":2,"minecraft:potato":4,"minecraft:ice":1,"minecraft:birch_planks":9,"alexsmobs:bison_fur":2,"minecraft:oak_log":78,"minecraft:dirt":9,"minecraft:cooked_mutton":22,"minecraft:glass":1,"minecraft:bone":10,"minecraft:wheat_seeds":6,"minecraft:cooked_chicken":5,"minecraft:oak_planks":41,"minecraft:sweet_berries":16,"minecraft:dandelion":1,"minecraft:sand":63,"minecraft:ink_sac":2,"minecraft:white_bed":1,"minecraft:spruce_door":1,"minecraft:spider_eye":2,"minecraft:light_gray_terracotta":34,"minecraft:birch_sign":1,"minecraft:gray_wool":2,"minecraft:bread":4,"minecraft:baked_potato":4,"alexsmobs:maggot":1,"minecraft:oak_sapling":3,"minecraft:black_wool":2,"minecraft:coal":179,"minecraft:sunflower":1},"minecraft:used":{"minecraft:stone_sword":159,"minecraft:iron_shovel":104,"minecraft:chest":4,"minecraft:shield":10,"minecraft:cooked_salmon":1,"minecraft:cooked_chicken":15,"minecraft:oak_door":2,"minecraft:torch":22,"minecraft:dirt":1,"minecraft:mutton":1,"minecraft:glass":58,"minecraft:wooden_axe":13,"alexsmobs:maggot":1,"minecraft:iron_axe":73,"minecraft:birch_sapling":4,"minecraft:sweet_berries":18,"minecraft:oak_sapling":3,"minecraft:furnace":5,"comforts:sleeping_bag_white":8,"minecraft:egg":5,"minecraft:cooked_beef":13,"minecraft:golden_axe":2,"minecraft:cooked_mutton":12,"minecraft:water_bucket":6,"minecraft:baked_potato":4,"minecraft:spruce_door":1,"minecraft:birch_planks":129,"minecraft:oak_planks":153,"minecraft:stone_pickaxe":149,"minecraft:wooden_pickaxe":8,"minecraft:crafting_table":6,"minecraft:birch_sign":2,"minecraft:white_bed":2,"minecraft:smoker":2,"minecraft:oak_log":38,"minecraft:sunflower":1,"minecraft:bread":3,"minecraft:iron_pickaxe":53,"minecraft:stone_axe":114,"minecraft:fire_charge":2,"minecraft:cobblestone":6,"minecraft:porkchop":3,"minecraft:cooked_porkchop":2,"minecraft:bucket":7,"minecraft:birch_log":5,"minecraft:oak_boat":1,"alexsmobs:animal_dictionary":2},"minecraft:mined":{"minecraft:white_bed":1,"minecraft:grass_block":1,"minecraft:decorated_pot":1,"minecraft:furnace":4,"minecraft:iron_ore":2,"minecraft:peony":1,"minecraft:bell":3,"minecraft:stone":56,"minecraft:cyan_terracotta":4,"minecraft:smoker":2,"minecraft:clay":40,"minecraft:crafting_table":5,"minecraft:light_gray_terracotta":34,"minecraft:torch":1,"minecraft:chest":2,"mekanism:tin_ore":1,"minecraft:glass":1,"minecraft:tall_grass":8,"minecraft:sugar_cane":5,"minecraft:oak_planks":5,"minecraft:wall_torch":1,"minecraft:birch_sapling":1,"minecraft:birch_planks":9,"minecraft:birch_log":53,"minecraft:sweet_berry_bush":4,"minecraft:ice":1,"minecraft:birch_leaves":17,"minecraft:grass":18,"minecraft:oak_log":79,"minecraft:coal_ore":102,"minecraft:sunflower":3,"minecraft:sand":64,"minecraft:birch_sign":1,"minecraft:oak_leaves":37,"minecraft:fern":2},"minecraft:crafted":{"minecraft:oak_door":6,"minecraft:oak_planks":160,"minecraft:cooked_chicken":13,"minecraft:furnace":1,"minecraft:cooked_mutton":17,"minecraft:glass":59,"minecraft:iron_axe":1,"minecraft:stone_pickaxe":2,"minecraft:chest":2,"minecraft:birch_sign":3,"minecraft:cooked_beef":23,"minecraft:cooked_porkchop":11,"minecraft:crafting_table":2,"minecraft:iron_sword":1,"minecraft:cooked_salmon":2,"minecraft:bucket":1,"minecraft:birch_planks":196,"minecraft:stone_axe":1,"minecraft:air":0,"minecraft:shield":3,"minecraft:stick":28,"minecraft:iron_ingot":5,"minecraft:stone_sword":3,"minecraft:white_bed":2,"minecraft:torch":76},"minecraft:killed":{"minecraft:spider":3,"alexsmobs:seagull":1,"mekanismadditions:baby_skeleton":1,"minecraft:skeleton":6,"minecraft:chicken":20,"alexsmobs:bison":1,"minecraft:drowned":2,"minecraft:pig":8,"alexsmobs:grizzly_bear":1,"minecraft:salmon":2,"minecraft:sheep":27,"alexsmobs:catfish":1,"minecraft:zombie":7,"alexsmobs:fly":2,"minecraft:cow":8}},"DataVersion":3465}