{"stats":{"minecraft:used":{"minecraft:stone_sword":266,"minecraft:iron_shovel":104,"minecraft:chest":4,"minecraft:shield":52,"minecraft:cooked_salmon":1,"minecraft:cooked_chicken":16,"minecraft:oak_door":2,"minecraft:torch":63,"minecraft:dirt":1,"minecraft:mutton":1,"minecraft:glass":58,"minecraft:wooden_axe":13,"alexsmobs:maggot":1,"minecraft:iron_axe":82,"minecraft:birch_sapling":7,"minecraft:bow":12,"minecraft:sweet_berries":18,"minecraft:oak_sapling":3,"minecraft:furnace":5,"minecraft:egg":5,"comforts:sleeping_bag_white":9,"minecraft:cooked_beef":17,"minecraft:golden_axe":2,"minecraft:cooked_mutton":27,"minecraft:water_bucket":18,"minecraft:diorite":50,"minecraft:baked_potato":4,"minecraft:birch_planks":131,"minecraft:spruce_door":1,"minecraft:oak_planks":153,"minecraft:stone_pickaxe":463,"minecraft:wooden_pickaxe":8,"minecraft:birch_boat":6,"minecraft:crafting_table":9,"minecraft:blast_furnace":1,"minecraft:birch_sign":2,"minecraft:white_bed":2,"minecraft:smoker":2,"minecraft:oak_log":38,"minecraft:sunflower":1,"minecraft:bread":3,"minecraft:iron_pickaxe":54,"minecraft:gravel":1,"minecraft:stone_axe":114,"minecraft:fire_charge":2,"minecraft:cobblestone":51,"minecraft:porkchop":3,"minecraft:cooked_porkchop":7,"minecraft:bucket":19,"minecraft:birch_log":5,"minecraft:oak_boat":1,"alexsmobs:animal_dictionary":2},"minecraft:custom":{"minecraft:mob_kills":129,"minecraft:interact_with_crafting_table":37,"minecraft:interact_with_campfire":8,"minecraft:bell_ring":184,"minecraft:leave_game":7,"minecraft:time_since_death":315672,"minecraft:climb_one_cm":1164,"minecraft:sprint_one_cm":1085147,"minecraft:walk_one_cm":597831,"minecraft:damage_blocked_by_shield":1400,"minecraft:drop":88,"minecraft:play_time":315672,"minecraft:sneak_time":5405,"minecraft:walk_under_water_one_cm":50205,"minecraft:boat_one_cm":412208,"minecraft:jump":7188,"minecraft:interact_with_blast_furnace":9,"minecraft:walk_on_water_one_cm":53774,"minecraft:total_world_time":315672,"minecraft:interact_with_furnace":59,"minecraft:sleep_in_bed":27,"minecraft:time_since_rest":6167,"minecraft:damage_taken":3012,"minecraft:damage_dealt":13947,"minecraft:swim_one_cm":178565,"minecraft:fly_one_cm":1712514,"minecraft:open_chest":55,"minecraft:crouch_one_cm":13077,"minecraft:interact_with_smoker":30,"minecraft:fall_one_cm":218920},"minecraft:picked_up":{"minecraft:wooden_axe":1,"minecraft:crafting_table":8,"minecraft:chicken":20,"minecraft:clay_ball":148,"minecraft:wooden_pickaxe":1,"minecraft:shield":1,"minecraft:string":4,"minecraft:iron_shovel":1,"comforts:sleeping_bag_white":10,"minecraft:beef":34,"minecraft:oak_boat":2,"minecraft:iron_nugget":3,"minecraft:iron_pickaxe":1,"minecraft:light_gray_wool":1,"minecraft:sugar_cane":16,"minecraft:chest":2,"minecraft:birch_sapling":11,"minecraft:furnace":4,"minecraft:egg":8,"minecraft:stick":4,"minecraft:raw_iron":24,"minecraft:sheaf_pottery_sherd":1,"minecraft:torch":29,"minecraft:porkchop":15,"minecraft:diorite":73,"mekanism:raw_tin":6,"minecraft:stone_sword":2,"minecraft:arrow":23,"minecraft:rotten_flesh":8,"minecraft:cyan_terracotta":4,"minecraft:mutton":53,"minecraft:white_wool":26,"minecraft:cobblestone":229,"minecraft:birch_log":59,"minecraft:feather":22,"minecraft:salmon":2,"minecraft:leather":11,"minecraft:smoker":2,"minecraft:potato":4,"minecraft:birch_planks":11,"minecraft:ice":1,"alexsmobs:bison_fur":2,"minecraft:oak_log":78,"minecraft:lapis_lazuli":7,"minecraft:dirt":9,"minecraft:cooked_mutton":22,"minecraft:glass":1,"minecraft:bone":20,"minecraft:bow":1,"minecraft:orange_tulip":2,"minecraft:wheat_seeds":7,"minecraft:cooked_chicken":5,"minecraft:oak_planks":41,"minecraft:birch_boat":6,"minecraft:sweet_berries":16,"minecraft:dandelion":1,"minecraft:gravel":4,"minecraft:sand":63,"minecraft:ink_sac":2,"minecraft:white_bed":1,"mekanism:raw_osmium":11,"minecraft:spruce_door":1,"minecraft:spider_eye":2,"minecraft:light_gray_terracotta":34,"minecraft:birch_sign":1,"minecraft:gray_wool":3,"minecraft:bread":4,"alexsmobs:maggot":1,"minecraft:baked_potato":4,"minecraft:oak_sapling":3,"minecraft:black_wool":3,"minecraft:coal":207,"minecraft:sunflower":1},"minecraft:broken":{"minecraft:stone_pickaxe":3,"minecraft:leather_boots":1,"minecraft:stone_axe":1},"minecraft:crafted":{"minecraft:oak_door":6,"minecraft:smooth_stone":3,"minecraft:oak_planks":160,"mekanism:ingot_osmium":11,"minecraft:birch_boat":1,"minecraft:cooked_chicken":14,"minecraft:furnace":2,"minecraft:blast_furnace":1,"minecraft:stone":3,"minecraft:cooked_mutton":30,"minecraft:glass":59,"minecraft:iron_axe":1,"minecraft:stone_pickaxe":4,"minecraft:chest":2,"minecraft:birch_sign":3,"minecraft:cooked_beef":34,"minecraft:cooked_porkchop":12,"minecraft:crafting_table":2,"minecraft:iron_helmet":1,"minecraft:iron_sword":1,"minecraft:cooked_salmon":2,"minecraft:bucket":1,"minecraft:birch_planks":216,"minecraft:stone_axe":1,"minecraft:air":0,"minecraft:iron_chestplate":1,"minecraft:shield":3,"minecraft:stick":32,"minecraft:iron_ingot":27,"minecraft:stone_sword":3,"minecraft:white_bed":2,"minecraft:torch":76},"minecraft:mined":{"minecraft:white_bed":1,"minecraft:grass_block":1,"minecraft:decorated_pot":1,"minecraft:furnace":4,"minecraft:iron_ore":23,"minecraft:peony":1,"minecraft:bell":3,"minecraft:deepslate_iron_ore":1,"minecraft:stone":230,"mekanism:osmium_ore":11,"minecraft:cyan_terracotta":4,"minecraft:smoker":2,"minecraft:clay":40,"minecraft:crafting_table":8,"minecraft:torch":19,"minecraft:light_gray_terracotta":34,"minecraft:chest":2,"mekanism:tin_ore":6,"minecraft:glass":1,"minecraft:tall_grass":8,"minecraft:deepslate_coal_ore":2,"minecraft:lapis_ore":1,"minecraft:sugar_cane":5,"minecraft:oak_planks":5,"minecraft:diorite":73,"minecraft:wall_torch":6,"minecraft:birch_sapling":1,"minecraft:birch_planks":11,"minecraft:birch_log":58,"minecraft:sweet_berry_bush":4,"minecraft:ice":1,"minecraft:birch_leaves":27,"minecraft:grass":21,"minecraft:oak_log":79,"minecraft:coal_ore":128,"minecraft:dirt":1,"minecraft:sunflower":3,"minecraft:gravel":1,"minecraft:sand":64,"minecraft:birch_sign":1,"minecraft:oak_leaves":37,"minecraft:fern":2},"minecraft:killed":{"minecraft:spider":3,"alexsmobs:seagull":1,"mekanismadditions:baby_skeleton":3,"minecraft:skeleton":16,"minecraft:chicken":21,"alexsmobs:bison":1,"minecraft:drowned":3,"minecraft:pig":9,"alexsmobs:grizzly_bear":1,"minecraft:zombie_villager":1,"minecraft:salmon":2,"minecraft:creeper":2,"minecraft:sheep":34,"alexsmobs:catfish":1,"minecraft:zombie":11,"alexsmobs:fly":2,"minecraft:cow":15},"minecraft:dropped":{"minecraft:bread":3,"minecraft:wheat_seeds":7,"minecraft:cooked_beef":5,"minecraft:cooked_porkchop":5,"minecraft:orange_tulip":2,"minecraft:sheaf_pottery_sherd":1,"minecraft:dirt":1,"minecraft:gray_wool":2,"minecraft:ice":1,"minecraft:diorite":23,"minecraft:ink_sac":2,"minecraft:wooden_axe":1,"minecraft:sand":4,"minecraft:string":4,"minecraft:white_wool":2,"minecraft:dandelion":1,"minecraft:bone":10,"minecraft:iron_nugget":6,"minecraft:cooked_chicken":3,"minecraft:stone_sword":3,"minecraft:birch_sapling":2,"minecraft:chicken":1,"minecraft:rotten_flesh":8,"minecraft:oak_planks":7,"minecraft:cooked_mutton":7,"minecraft:shield":3,"minecraft:spider_eye":1,"minecraft:wooden_pickaxe":1,"minecraft:black_wool":2,"minecraft:egg":3}},"DataVersion":3465}