{"stats":{"minecraft:picked_up":{"minecraft:birch_log":51,"minecraft:crafting_table":6,"minecraft:feather":5,"minecraft:chicken":3,"minecraft:jungle_log":4,"minecraft:leather":4,"minecraft:stone_slab":1,"mekanismtools:osmium_sword":1,"minecraft:birch_planks":14,"minecraft:tuff":1,"minecraft:oak_log":104,"minecraft:string":2,"minecraft:lapis_lazuli":4,"minecraft:dirt":130,"minecraft:bone":2,"minecraft:apple":4,"minecraft:bow":1,"minecraft:wheat_seeds":9,"minecraft:iron_ingot":1,"minecraft:beef":15,"minecraft:poppy":1,"minecraft:jungle_sapling":2,"minecraft:light_gray_wool":1,"minecraft:melon_slice":72,"minecraft:sugar_cane":3,"minecraft:oak_planks":4,"minecraft:furnace":1,"minecraft:stick":10,"minecraft:raw_iron":6,"minecraft:dandelion":2,"minecraft:porkchop":23,"minecraft:sand":122,"mekanism:raw_tin":8,"mekanism:raw_osmium":6,"minecraft:spider_eye":2,"minecraft:orange_bed":1,"minecraft:rotten_flesh":1,"minecraft:hay_block":20,"minecraft:gray_wool":1,"minecraft:oak_sapling":8,"minecraft:mutton":28,"minecraft:coal":115,"minecraft:white_wool":16,"minecraft:cobblestone":101},"minecraft:dropped":{"minecraft:wheat_seeds":8,"minecraft:cooked_beef":6,"minecraft:rotten_flesh":1,"minecraft:light_gray_wool":1,"minecraft:oak_planks":3,"minecraft:stone_slab":1,"minecraft:melon_slice":8,"mekanismtools:osmium_sword":1,"minecraft:jungle_sapling":2,"minecraft:spider_eye":2,"minecraft:wooden_pickaxe":1},"minecraft:used":{"minecraft:cooked_mutton":2,"minecraft:water_bucket":7,"minecraft:stone_sword":100,"minecraft:birch_planks":147,"minecraft:stone_pickaxe":128,"minecraft:oak_planks":249,"minecraft:shield":2,"minecraft:chest":2,"minecraft:wooden_pickaxe":31,"mekanismtools:stone_paxel":495,"minecraft:leather_boots":1,"minecraft:cooked_chicken":3,"minecraft:orange_bed":1,"minecraft:torch":44,"minecraft:golden_hoe":22,"minecraft:dirt":41,"minecraft:crafting_table":7,"mekanismtools:osmium_sword":4,"minecraft:tuff":1,"minecraft:smoker":1,"minecraft:glass":84,"minecraft:birch_door":2,"minecraft:oak_log":19,"minecraft:apple":4,"minecraft:stone_axe":8,"minecraft:furnace":4,"minecraft:cooked_porkchop":3,"minecraft:bucket":8,"minecraft:birch_log":5,"alexsmobs:animal_dictionary":1,"minecraft:cooked_beef":9},"minecraft:crafted":{"minecraft:cooked_beef":15,"mekanismtools:osmium_sword":1,"minecraft:oak_planks":324,"minecraft:stone_shovel":2,"minecraft:emerald":9,"minecraft:cooked_porkchop":16,"minecraft:crafting_table":2,"mekanism:ingot_osmium":2,"comforts:sleeping_bag_white":1,"minecraft:wooden_pickaxe":1,"minecraft:cooked_chicken":3,"minecraft:iron_sword":1,"minecraft:furnace":4,"minecraft:bucket":1,"minecraft:birch_planks":184,"minecraft:stone_axe":2,"mekanismtools:stone_paxel":2,"minecraft:cooked_mutton":9,"minecraft:air":0,"minecraft:jungle_planks":16,"minecraft:glass":122,"minecraft:shield":1,"minecraft:stick":36,"minecraft:iron_ingot":6,"minecraft:stone_pickaxe":4,"minecraft:chest":2,"minecraft:stone_sword":1,"minecraft:birch_door":3,"minecraft:torch":84,"minecraft:smoker":1},"minecraft:broken":{"mekanismtools:stone_paxel":2},"minecraft:killed":{"minecraft:pig":11,"minecraft:zombie_villager":1,"minecraft:spider":2,"minecraft:skeleton":1,"alexsmobs:emu":1,"minecraft:sheep":18,"minecraft:zombie":4,"minecraft:chicken":4,"minecraft:cow":6},"minecraft:mined":{"minecraft:tuff":1,"alexsmobs:skunk_spray":1,"mekanism:osmium_ore":6,"minecraft:jungle_leaves":3,"minecraft:crafting_table":6,"minecraft:grass_block":114,"minecraft:poppy":1,"minecraft:melon":14,"minecraft:jungle_log":4,"mekanism:tin_ore":8,"minecraft:stone_slab":1,"minecraft:glass":1,"minecraft:lapis_ore":1,"minecraft:oak_planks":4,"minecraft:sugar_cane":1,"minecraft:hay_block":20,"minecraft:birch_planks":14,"minecraft:furnace":1,"minecraft:birch_log":51,"minecraft:iron_ore":6,"minecraft:grass":17,"minecraft:coal_ore":110,"minecraft:oak_log":104,"minecraft:sand":124,"minecraft:dirt":16,"minecraft:stone":92,"minecraft:oak_leaves":31,"minecraft:orange_bed":1},"minecraft:custom":{"minecraft:interact_with_furnace":62,"minecraft:mob_kills":48,"minecraft:interact_with_crafting_table":24,"minecraft:open_barrel":1,"minecraft:leave_game":1,"minecraft:sleep_in_bed":11,"minecraft:time_since_death":128396,"minecraft:climb_one_cm":3397,"minecraft:time_since_rest":6314,"minecraft:sprint_one_cm":461635,"minecraft:damage_taken":525,"minecraft:walk_one_cm":380762,"minecraft:damage_blocked_by_shield":95,"minecraft:drop":34,"minecraft:damage_dealt":5469,"minecraft:damage_dealt_absorbed":80,"minecraft:swim_one_cm":53888,"minecraft:talked_to_villager":1,"minecraft:fly_one_cm":487678,"minecraft:open_chest":39,"minecraft:crouch_one_cm":7861,"minecraft:play_time":128396,"minecraft:sneak_time":2812,"minecraft:walk_under_water_one_cm":4888,"minecraft:jump":2254,"minecraft:walk_on_water_one_cm":5320,"minecraft:interact_with_smoker":7,"minecraft:total_world_time":128396,"minecraft:fall_one_cm":55771}},"DataVersion":3465}