{"stats":{"minecraft:crafted":{"minecraft:oak_planks":324,"minecraft:stone_shovel":2,"minecraft:oak_sign":3,"mekanism:ingot_osmium":4,"comforts:sleeping_bag_white":1,"minecraft:cooked_chicken":3,"minecraft:furnace":5,"minecraft:cooked_mutton":9,"minecraft:glass":122,"minecraft:iron_boots":1,"minecraft:stone_pickaxe":5,"minecraft:chest":3,"minecraft:birch_door":3,"minecraft:wheat":180,"minecraft:smoker":1,"minecraft:cooked_beef":15,"mekanismtools:osmium_sword":2,"minecraft:emerald":9,"minecraft:cooked_porkchop":23,"minecraft:crafting_table":2,"minecraft:wooden_pickaxe":1,"minecraft:iron_helmet":1,"minecraft:iron_sword":1,"minecraft:bucket":1,"minecraft:birch_planks":184,"minecraft:stone_axe":2,"mekanismtools:stone_paxel":2,"minecraft:bread":60,"minecraft:air":0,"minecraft:jungle_planks":16,"minecraft:iron_chestplate":1,"minecraft:diamond_pickaxe":1,"minecraft:shield":1,"minecraft:stick":60,"minecraft:iron_ingot":34,"minecraft:iron_pickaxe":1,"minecraft:stone_sword":1,"minecraft:iron_leggings":1,"minecraft:torch":132},"minecraft:mined":{"minecraft:tuff":5,"alexsmobs:skunk_spray":1,"minecraft:deepslate_diamond_ore":41,"minecraft:jungle_leaves":3,"minecraft:obsidian":5,"mekanism:deepslate_osmium_ore":2,"minecraft:allium":1,"minecraft:grass_block":120,"minecraft:jungle_log":4,"minecraft:oak_wall_sign":1,"minecraft:hay_block":20,"minecraft:furnace":3,"minecraft:iron_ore":49,"minecraft:fire":6,"minecraft:andesite":22,"minecraft:deepslate_lapis_ore":6,"minecraft:deepslate_iron_ore":29,"minecraft:stone":98,"minecraft:tripwire":1,"minecraft:orange_bed":1,"minecraft:deepslate_redstone_ore":16,"mekanism:osmium_ore":13,"minecraft:blackstone":25,"minecraft:crafting_table":11,"minecraft:torch":7,"minecraft:poppy":1,"minecraft:melon":14,"mekanism:tin_ore":24,"minecraft:stone_slab":1,"minecraft:glass":1,"minecraft:cobblestone":21,"minecraft:lapis_ore":2,"minecraft:deepslate_gold_ore":13,"minecraft:sugar_cane":1,"minecraft:oak_planks":4,"minecraft:birch_planks":14,"minecraft:birch_log":51,"minecraft:grass":18,"minecraft:oak_log":104,"minecraft:coal_ore":132,"mekanism:lead_ore":10,"mekanism:deepslate_fluorite_ore":18,"minecraft:sand":124,"minecraft:dirt":19,"mekanism:deepslate_uranium_ore":15,"minecraft:oak_leaves":31,"minecraft:deepslate":24},"minecraft:used":{"minecraft:stone_sword":100,"minecraft:flint_and_steel":1,"minecraft:oak_sign":2,"minecraft:chest":3,"minecraft:shield":32,"minecraft:cooked_chicken":3,"minecraft:netherrack":2,"minecraft:orange_bed":1,"minecraft:torch":127,"minecraft:dirt":45,"mekanismtools:osmium_sword":137,"minecraft:allium":4,"minecraft:tuff":1,"minecraft:obsidian":12,"minecraft:birch_door":2,"minecraft:glass":84,"minecraft:lava_bucket":1,"minecraft:bow":7,"minecraft:furnace":6,"comforts:sleeping_bag_white":6,"minecraft:cooked_beef":9,"minecraft:cobbled_deepslate":7,"minecraft:iron_leggings":1,"minecraft:cooked_mutton":9,"minecraft:water_bucket":50,"minecraft:birch_planks":147,"minecraft:stone_pickaxe":313,"minecraft:oak_planks":249,"minecraft:blackstone":12,"minecraft:wooden_pickaxe":31,"mekanismtools:stone_paxel":495,"minecraft:sugar_cane":3,"minecraft:leather_boots":1,"minecraft:golden_hoe":22,"minecraft:crafting_table":12,"minecraft:smoker":1,"minecraft:oak_log":19,"minecraft:diamond_pickaxe":10,"minecraft:apple":4,"minecraft:string":1,"minecraft:iron_pickaxe":154,"minecraft:gravel":2,"minecraft:stone_axe":8,"minecraft:cobblestone":54,"minecraft:cooked_porkchop":23,"minecraft:andesite":17,"minecraft:bucket":52,"minecraft:birch_log":5,"alexsmobs:animal_dictionary":1},"minecraft:killed":{"minecraft:cave_spider":2,"minecraft:spider":11,"minecraft:skeleton":8,"mekanismadditions:baby_skeleton":3,"minecraft:chicken":5,"minecraft:pig":12,"minecraft:zombie_villager":2,"minecraft:bat":1,"minecraft:creeper":6,"alexsmobs:emu":1,"minecraft:sheep":18,"minecraft:zombie":24,"alexsmobs:cockroach":1,"minecraft:ghast":1,"minecraft:cow":6},"minecraft:custom":{"minecraft:mob_kills":103,"minecraft:interact_with_crafting_table":43,"minecraft:open_barrel":1,"minecraft:leave_game":3,"minecraft:time_since_death":265366,"minecraft:climb_one_cm":3570,"minecraft:sprint_one_cm":1037177,"minecraft:walk_one_cm":717592,"minecraft:damage_blocked_by_shield":646,"minecraft:drop":87,"minecraft:damage_dealt_absorbed":80,"minecraft:talked_to_villager":1,"minecraft:play_time":265366,"minecraft:sneak_time":9616,"minecraft:walk_under_water_one_cm":20149,"minecraft:jump":4963,"minecraft:walk_on_water_one_cm":42692,"minecraft:total_world_time":265366,"minecraft:interact_with_furnace":91,"minecraft:sleep_in_bed":21,"minecraft:time_since_rest":216,"minecraft:damage_taken":1479,"minecraft:damage_dealt":14895,"minecraft:swim_one_cm":106864,"minecraft:fly_one_cm":1077627,"minecraft:open_chest":73,"minecraft:crouch_one_cm":22293,"minecraft:interact_with_smoker":11,"minecraft:fall_one_cm":118117},"minecraft:picked_up":{"minecraft:crafting_table":11,"minecraft:allium":4,"minecraft:chicken":4,"mekanism:raw_uranium":15,"minecraft:stone_slab":1,"minecraft:string":10,"minecraft:blackstone":18,"minecraft:oak_sign":5,"minecraft:cobbled_deepslate":24,"comforts:sleeping_bag_white":6,"minecraft:beef":15,"minecraft:jungle_sapling":2,"minecraft:poppy":1,"minecraft:light_gray_wool":1,"minecraft:melon_slice":72,"minecraft:sugar_cane":3,"minecraft:furnace":3,"minecraft:stick":10,"minecraft:raw_iron":98,"minecraft:torch":9,"minecraft:porkchop":24,"minecraft:redstone":72,"mekanism:raw_tin":25,"minecraft:orange_bed":1,"minecraft:arrow":8,"minecraft:rotten_flesh":12,"minecraft:tropical_fish":1,"minecraft:hay_block":20,"minecraft:obsidian":4,"minecraft:mutton":28,"minecraft:cobblestone":128,"minecraft:white_wool":16,"minecraft:birch_log":51,"minecraft:feather":5,"minecraft:cooked_beef":8,"mekanism:raw_lead":10,"minecraft:andesite":22,"minecraft:jungle_log":4,"minecraft:leather":4,"mekanismtools:osmium_sword":2,"minecraft:birch_planks":14,"minecraft:tuff":6,"minecraft:oak_log":104,"minecraft:gunpowder":2,"minecraft:lapis_lazuli":50,"minecraft:dirt":139,"minecraft:bone":12,"minecraft:apple":4,"minecraft:bow":1,"minecraft:wheat_seeds":9,"minecraft:raw_gold":13,"minecraft:iron_ingot":1,"minecraft:oak_planks":4,"minecraft:dandelion":2,"minecraft:gravel":2,"minecraft:sand":122,"mekanism:raw_osmium":15,"minecraft:spider_eye":6,"minecraft:diamond":49,"mekanism:fluorite_gem":59,"minecraft:gray_wool":1,"minecraft:oak_sapling":8,"minecraft:netherrack":2,"minecraft:coal":198},"minecraft:broken":{"mekanismtools:stone_paxel":2,"minecraft:stone_pickaxe":2},"minecraft:dropped":{"minecraft:bread":30,"minecraft:wheat_seeds":8,"minecraft:cooked_beef":6,"minecraft:diamond":8,"minecraft:tropical_fish":1,"minecraft:stick":2,"minecraft:flint":3,"minecraft:melon_slice":8,"mekanismtools:osmium_sword":3,"minecraft:jungle_sapling":2,"minecraft:redstone":8,"minecraft:bone":4,"minecraft:blackstone":5,"minecraft:cobbled_deepslate":17,"minecraft:tuff":5,"minecraft:raw_iron":22,"minecraft:chicken":1,"minecraft:rotten_flesh":12,"minecraft:light_gray_wool":1,"minecraft:oak_planks":3,"minecraft:stone_slab":1,"minecraft:oak_sign":3,"minecraft:gunpowder":2,"minecraft:spider_eye":6,"minecraft:wooden_pickaxe":1}},"DataVersion":3465}