{"stats":{"minecraft:custom":{"minecraft:interact_with_crafting_table":110,"minecraft:open_barrel":1,"goblintraders:trade_with_goblin":28,"minecraft:leave_game":7,"minecraft:time_since_death":660930,"minecraft:sprint_one_cm":2639427,"minecraft:damage_blocked_by_shield":2076,"minecraft:drop":189,"minecraft:talked_to_villager":1,"minecraft:play_time":660930,"minecraft:jump":12614,"minecraft:walk_on_water_one_cm":121130,"minecraft:interact_with_furnace":161,"minecraft:sleep_in_bed":35,"minecraft:damage_dealt":45853,"minecraft:crouch_one_cm":50558,"minecraft:interact_with_smoker":32,"minecraft:mob_kills":273,"minecraft:interact_with_anvil":1,"minecraft:climb_one_cm":6642,"minecraft:walk_one_cm":1628403,"minecraft:damage_dealt_absorbed":280,"minecraft:sneak_time":21226,"minecraft:walk_under_water_one_cm":64565,"minecraft:boat_one_cm":86563,"minecraft:total_world_time":660930,"minecraft:time_since_rest":1142,"minecraft:damage_taken":5535,"minecraft:damage_absorbed":2,"minecraft:swim_one_cm":338756,"minecraft:fly_one_cm":2790989,"minecraft:open_chest":196,"minecraft:fall_one_cm":315842},"minecraft:picked_up":{"minecraft:birch_door":3,"minecraft:wheat":1,"securitycraft:keypad_item":1,"mekanism:raw_uranium":30,"minecraft:stone_slab":1,"minecraft:string":72,"minecraft:oak_sign":5,"alexsmobs:dropbear_claw":1,"alexsmobs:blood_sac":1,"minecraft:gold_nugget":16,"minecraft:cobbled_deepslate":62,"comforts:sleeping_bag_white":16,"minecraft:azalea":1,"minecraft:melon_slice":72,"minecraft:furnace":4,"minecraft:stick":12,"minecraft:big_dripleaf":4,"minecraft:torch":19,"minecraft:porkchop":55,"mekanism:raw_tin":50,"mutantmonsters:hulk_hammer":1,"minecraft:orange_bed":1,"minecraft:rotten_flesh":46,"minecraft:tropical_fish":7,"minecraft:blaze_rod":1,"minecraft:obsidian":4,"minecraft:cobblestone":262,"minecraft:birch_log":52,"minecraft:magma_block":4,"minecraft:feather":7,"minecraft:cooked_beef":24,"minecraft:andesite":64,"minecraft:jungle_log":4,"minecraft:potato":91,"minecraft:flint":1,"minecraft:tuff":7,"minecraft:lapis_lazuli":100,"minecraft:dirt":204,"minecraft:bone":45,"minecraft:bow":6,"minecraft:wheat_seeds":9,"minecraft:raw_gold":27,"minecraft:glowstone_dust":23,"minecraft:oak_planks":6,"minecraft:ghast_tear":2,"mekanism:metallurgic_infuser":1,"minecraft:cooked_porkchop":3,"minecraft:sand":126,"minecraft:grass_block":1,"minecraft:spectral_arrow":16,"minecraft:diamond":143,"minecraft:emerald":10,"minecraft:oak_sapling":10,"minecraft:netherrack":142,"mekanismtools:osmium_paxel":1,"minecraft:crafting_table":13,"minecraft:allium":10,"minecraft:clay_ball":16,"minecraft:chicken":5,"minecraft:nether_wart":28,"minecraft:gold_block":1,"minecraft:moss_carpet":5,"minecraft:blackstone":26,"minecraft:beef":25,"minecraft:oak_boat":1,"minecraft:jungle_sapling":2,"minecraft:poppy":3,"minecraft:light_gray_wool":1,"minecraft:sugar_cane":59,"minecraft:chest":2,"minecraft:egg":1,"minecraft:raw_iron":217,"securitycraft:reinforced_cobblestone":63,"minecraft:carrot":2,"minecraft:redstone":115,"minecraft:arrow":40,"minecraft:nether_bricks":4,"minecraft:hay_block":20,"sophisticatedbackpacks:copper_backpack":1,"minecraft:mutton":36,"minecraft:white_wool":22,"mekanism:raw_lead":24,"minecraft:salmon":7,"minecraft:leather":7,"mekanismtools:osmium_sword":2,"minecraft:birch_planks":14,"minecraft:oak_log":133,"minecraft:nether_wart_block":1,"minecraft:gunpowder":10,"minecraft:wooden_hoe":1,"minecraft:apple":4,"minecraft:iron_ingot":1,"minecraft:flowering_azalea":2,"minecraft:soul_sand":39,"minecraft:quartz":1,"mekanismtools:refined_obsidian_paxel":1,"minecraft:dandelion":3,"minecraft:gravel":6,"mekanism:basic_chemical_tank":1,"mekanism:raw_osmium":185,"minecraft:spider_eye":10,"minecraft:slime_ball":2,"mekanism:fluorite_gem":118,"minecraft:gray_wool":1,"minecraft:coal":245,"minecraft:ender_pearl":2},"minecraft:used":{"minecraft:moss_carpet":4,"mekanismtools:osmium_hoe":16,"minecraft:ladder":5,"minecraft:poppy":1,"minecraft:oak_sign":2,"minecraft:chest":7,"minecraft:shield":79,"securitycraft:keypad_item":6,"mekanismtools:osmium_sword":137,"minecraft:allium":10,"minecraft:tuff":1,"minecraft:axolotl_bucket":1,"minecraft:obsidian":12,"minecraft:glass":118,"minecraft:lava_bucket":1,"minecraft:magma_block":3,"minecraft:bow":39,"minecraft:furnace":7,"minecraft:egg":1,"minecraft:potato":47,"mekanismtools:osmium_paxel":988,"securitycraft:door_indestructible_iron_item":1,"minecraft:stone_pickaxe":313,"minecraft:oak_planks":252,"minecraft:blackstone":12,"minecraft:wooden_pickaxe":31,"securitycraft:keypad_frame":3,"minecraft:sugar_cane":8,"minecraft:golden_apple":1,"minecraft:golden_hoe":22,"minecraft:string":1,"minecraft:bread":28,"mekanism:metallurgic_infuser":2,"minecraft:gravel":6,"minecraft:andesite":17,"minecraft:birch_log":5,"minecraft:tropical_fish_bucket":1,"minecraft:bone_meal":30,"minecraft:azalea":1,"minecraft:oak_fence":28,"minecraft:enchanting_table":1,"minecraft:stone_sword":100,"minecraft:flint_and_steel":1,"minecraft:armor_stand":1,"minecraft:cooked_salmon":7,"minecraft:cooked_chicken":4,"minecraft:netherrack":2,"minecraft:orange_bed":1,"minecraft:torch":192,"minecraft:dirt":73,"minecraft:salmon_bucket":1,"minecraft:oak_fence_gate":1,"minecraft:birch_door":3,"minecraft:flowering_azalea":1,"minecraft:bookshelf":1,"comforts:sleeping_bag_white":14,"minecraft:cooked_beef":30,"minecraft:cobbled_deepslate":35,"minecraft:iron_leggings":1,"minecraft:cooked_mutton":17,"minecraft:water_bucket":152,"minecraft:birch_planks":148,"minecraft:baked_potato":9,"mekanismtools:stone_paxel":495,"minecraft:leather_boots":1,"minecraft:crafting_table":14,"minecraft:smoker":1,"minecraft:oak_log":22,"mekanism:basic_chemical_tank":1,"minecraft:diamond_pickaxe":15,"minecraft:apple":4,"minecraft:iron_pickaxe":154,"minecraft:stone_axe":8,"minecraft:cobblestone":150,"minecraft:cooked_porkchop":50,"minecraft:bucket":157,"alexsmobs:animal_dictionary":1},"minecraft:killed":{"minecraft:cave_spider":5,"minecraft:spider":17,"minecraft:skeleton":32,"minecraft:chicken":6,"minecraft:magma_cube":2,"minecraft:pig":26,"minecraft:zombie_villager":2,"minecraft:salmon":8,"mekanismadditions:baby_creeper":2,"minecraft:creeper":27,"alexsmobs:crimson_mosquito":2,"minecraft:sheep":24,"minecraft:zombie":69,"alexsmobs:terrapin":1,"minecraft:ghast":3,"minecraft:cow":11,"minecraft:blaze":6,"alexsmobs:dropbear":1,"alexsmobs:tasmanian_devil":1,"minecraft:slime":1,"mekanismadditions:baby_skeleton":11,"alexsmobs:rocky_roller":1,"minecraft:bat":1,"minecraft:hoglin":2,"alexsmobs:emu":1,"alexsmobs:cockroach":1,"alexsmobs:crow":1,"goblintraders:vein_goblin_trader":1,"mutantmonsters:mutant_zombie":1,"minecraft:wither_skeleton":2,"minecraft:enderman":2},"minecraft:crafted":{"minecraft:smooth_stone":3,"minecraft:oak_planks":428,"minecraft:oak_sign":3,"mekanism:ingot_osmium":60,"minecraft:cooked_chicken":4,"mekanismtools:osmium_chestplate":1,"minecraft:stone":3,"securitycraft:keypad_item":5,"minecraft:bookshelf":1,"minecraft:heavy_weighted_pressure_plate":5,"minecraft:cooked_mutton":17,"securitycraft:laser_block":2,"minecraft:glass":126,"minecraft:bow":2,"minecraft:iron_boots":1,"mekanismtools:osmium_boots":1,"minecraft:chest":5,"minecraft:iron_door":3,"minecraft:birch_door":3,"minecraft:oak_fence":30,"mekanismtools:osmium_pickaxe":1,"minecraft:golden_boots":3,"minecraft:smoker":1,"minecraft:emerald":9,"minecraft:cooked_porkchop":50,"minecraft:crafting_table":2,"securitycraft:reinforced_stone_button":41,"minecraft:iron_helmet":1,"minecraft:wooden_pickaxe":1,"minecraft:baked_potato":32,"minecraft:birch_planks":188,"mekanismtools:osmium_leggings":1,"mekanismtools:stone_paxel":2,"minecraft:iron_chestplate":1,"minecraft:book":4,"minecraft:paper":51,"minecraft:diamond_pickaxe":1,"minecraft:shield":1,"minecraft:stick":184,"minecraft:iron_ingot":142,"minecraft:iron_pickaxe":1,"minecraft:stone_sword":1,"minecraft:gold_ingot":12,"securitycraft:universal_block_reinforcer_lvl1":2,"minecraft:nether_wart":20,"mekanismtools:osmium_paxel":1,"minecraft:stone_shovel":2,"minecraft:smooth_stone_slab":6,"comforts:sleeping_bag_white":1,"mekanism:basic_chemical_tank":1,"mekanismtools:osmium_shovel":1,"minecraft:furnace":6,"minecraft:bone_meal":39,"securitycraft:keypad_frame":3,"minecraft:glass_pane":16,"mekanismtools:osmium_axe":1,"mekanismtools:osmium_hoe":1,"minecraft:ladder":12,"minecraft:stone_pickaxe":5,"minecraft:redstone_block":3,"mekanismtools:osmium_helmet":1,"minecraft:wheat":180,"minecraft:cooked_beef":25,"mekanismtools:osmium_sword":2,"mekanism:metallurgic_infuser":1,"minecraft:enchanting_table":1,"minecraft:iron_sword":1,"minecraft:cooked_salmon":7,"minecraft:bucket":1,"minecraft:stone_axe":2,"minecraft:air":0,"minecraft:bread":60,"minecraft:jungle_planks":16,"securitycraft:reinforced_stone":63,"minecraft:oak_fence_gate":1,"securitycraft:door_indestructible_iron_item":2,"minecraft:iron_leggings":1,"minecraft:armor_stand":1,"minecraft:torch":300},"minecraft:mined":{"minecraft:jungle_leaves":3,"minecraft:obsidian":5,"minecraft:grass_block":152,"minecraft:jungle_log":4,"minecraft:oak_wall_sign":1,"minecraft:nether_wart":25,"minecraft:spawner":2,"minecraft:magma_block":4,"minecraft:glowstone":11,"minecraft:iron_ore":83,"minecraft:cobbled_deepslate":6,"minecraft:fire":25,"minecraft:deepslate_lapis_ore":6,"minecraft:tripwire":1,"minecraft:orange_bed":1,"minecraft:deepslate_redstone_ore":16,"mekanism:osmium_ore":134,"minecraft:blackstone":33,"minecraft:soul_fire":5,"minecraft:clay":1,"minecraft:torch":10,"minecraft:poppy":1,"minecraft:melon":14,"minecraft:chest":2,"mekanism:tin_ore":24,"minecraft:glass":1,"minecraft:cobblestone":25,"minecraft:sugar_cane":46,"minecraft:oak_planks":6,"minecraft:nether_wart_block":1,"minecraft:birch_log":52,"minecraft:birch_door":3,"minecraft:grass":22,"minecraft:oak_log":133,"mekanism:lead_ore":12,"minecraft:sand":128,"minecraft:dirt":39,"minecraft:netherrack":103,"minecraft:oak_leaves":41,"minecraft:deepslate":55,"minecraft:nether_gold_ore":4,"minecraft:tuff":5,"alexsmobs:skunk_spray":1,"minecraft:deepslate_diamond_ore":74,"mekanism:deepslate_osmium_ore":10,"minecraft:allium":1,"mekanism:basic_chemical_tank":1,"minecraft:hay_block":20,"minecraft:redstone_ore":6,"minecraft:furnace":4,"minecraft:andesite":46,"minecraft:big_dripleaf_stem":1,"minecraft:potatoes":27,"minecraft:deepslate_iron_ore":45,"minecraft:stone":229,"minecraft:soul_sand":38,"minecraft:dandelion":1,"minecraft:crafting_table":13,"minecraft:stone_slab":1,"minecraft:tall_grass":1,"minecraft:lapis_ore":2,"minecraft:deepslate_gold_ore":13,"mekanism:metallurgic_infuser":1,"minecraft:birch_planks":14,"minecraft:coal_ore":180,"minecraft:gravel":1,"mekanism:deepslate_fluorite_ore":18,"mekanism:deepslate_uranium_ore":15},"minecraft:dropped":{"minecraft:birch_planks":3,"minecraft:cooked_beef":6,"minecraft:diamond":10,"minecraft:cooked_porkchop":3,"minecraft:iron_horse_armor":1,"minecraft:flint":3,"minecraft:dirt":2,"mekanismtools:osmium_paxel":1,"mekanismtools:osmium_sword":4,"minecraft:jungle_sapling":2,"minecraft:bone":7,"minecraft:gold_ingot":1,"minecraft:blackstone":13,"minecraft:cobbled_deepslate":17,"minecraft:wheat":1,"minecraft:rotten_flesh":32,"minecraft:oak_planks":3,"minecraft:glowstone_dust":23,"minecraft:poppy":1,"minecraft:gunpowder":7,"comforts:sleeping_bag_white":2,"minecraft:arrow":5,"minecraft:netherrack":76,"minecraft:golden_boots":2,"minecraft:bread":34,"minecraft:wheat_seeds":8,"minecraft:tropical_fish":7,"minecraft:grass_block":1,"mekanismtools:refined_obsidian_paxel":1,"minecraft:stick":2,"minecraft:wooden_hoe":1,"minecraft:nether_wart_block":1,"minecraft:melon_slice":8,"mekanism:raw_lead":2,"minecraft:flowering_azalea":1,"minecraft:dandelion":1,"minecraft:redstone":8,"minecraft:moss_carpet":1,"minecraft:tuff":5,"minecraft:raw_iron":22,"minecraft:chicken":1,"minecraft:light_gray_wool":1,"minecraft:clay_ball":16,"minecraft:stone_slab":1,"minecraft:oak_sign":3,"minecraft:nether_bricks":4,"minecraft:big_dripleaf":4,"minecraft:potato":13,"minecraft:andesite":42,"minecraft:oak_boat":1,"minecraft:oak_sapling":2,"minecraft:spider_eye":10,"minecraft:wooden_pickaxe":1},"minecraft:broken":{"mekanismtools:stone_paxel":2,"minecraft:stone_pickaxe":2,"securitycraft:universal_block_reinforcer_lvl1":1}},"DataVersion":3465}