{"stats":{"minecraft:killed":{"minecraft:skeleton":5,"mekanismadditions:baby_skeleton":1,"minecraft:chicken":1,"minecraft:drowned":2,"minecraft:creeper":2,"minecraft:sheep":7,"minecraft:zombie":13,"alexsmobs:terrapin":1,"alexsmobs:crow":1,"minecraft:enderman":1},"minecraft:mined":{"minecraft:large_amethyst_bud":2,"minecraft:white_bed":2,"minecraft:deepslate_diamond_ore":6,"mekanism:deepslate_osmium_ore":10,"minecraft:grass_block":270,"minecraft:furnace":3,"minecraft:iron_ore":7,"minecraft:andesite":229,"minecraft:deepslate_iron_ore":14,"minecraft:vine":1,"minecraft:oak_stairs":2,"minecraft:stripped_oak_log":1,"minecraft:stone":436,"minecraft:white_wool":1,"mekanism:deepslate_lead_ore":2,"mekanism:osmium_ore":25,"minecraft:amethyst_cluster":18,"mekanism:block_salt":1,"minecraft:clay":1,"minecraft:crafting_table":5,"minecraft:torch":6,"minecraft:calcite":25,"minecraft:copper_ore":6,"minecraft:tall_grass":4,"minecraft:deepslate_gold_ore":9,"minecraft:oak_planks":6,"minecraft:wall_torch":2,"minecraft:amethyst_block":4,"minecraft:birch_planks":2,"minecraft:birch_log":74,"minecraft:birch_leaves":3,"minecraft:grass":101,"minecraft:oak_log":100,"minecraft:coal_ore":156,"mekanism:lead_ore":6,"minecraft:sand":52,"minecraft:gravel":50,"mekanism:deepslate_fluorite_ore":3,"minecraft:dirt":156,"minecraft:smooth_basalt":16,"mekanism:deepslate_uranium_ore":2,"minecraft:stone_bricks":32,"minecraft:polished_andesite":6,"minecraft:gold_ore":1,"minecraft:oak_leaves":2,"minecraft:deepslate":4,"minecraft:suspicious_gravel":1},"minecraft:custom":{"minecraft:mob_kills":36,"minecraft:interact_with_crafting_table":55,"minecraft:leave_game":5,"minecraft:time_since_death":187451,"minecraft:climb_one_cm":258,"minecraft:sprint_one_cm":473987,"minecraft:walk_one_cm":523232,"minecraft:damage_blocked_by_shield":485,"minecraft:drop":12,"minecraft:damage_dealt_absorbed":80,"minecraft:play_time":187451,"minecraft:sneak_time":6654,"minecraft:walk_under_water_one_cm":25811,"minecraft:boat_one_cm":21780,"minecraft:jump":2423,"minecraft:walk_on_water_one_cm":49109,"minecraft:total_world_time":187451,"minecraft:interact_with_furnace":148,"minecraft:interact_with_stonecutter":11,"minecraft:sleep_in_bed":10,"minecraft:time_since_rest":9060,"minecraft:damage_taken":586,"minecraft:damage_dealt":6621,"minecraft:swim_one_cm":59955,"minecraft:fly_one_cm":422816,"minecraft:open_chest":76,"minecraft:crouch_one_cm":15977,"minecraft:fish_caught":26,"minecraft:fall_one_cm":52469},"minecraft:crafted":{"minecraft:oak_planks":104,"minecraft:fishing_rod":1,"mekanism:ingot_osmium":29,"minecraft:cooked_chicken":1,"mekanismtools:osmium_chestplate":1,"minecraft:furnace":4,"minecraft:stone":367,"minecraft:cooked_mutton":10,"minecraft:glass_pane":80,"minecraft:glass":32,"minecraft:iron_boots":1,"minecraft:iron_axe":1,"minecraft:stone_pickaxe":6,"mekanismtools:osmium_boots":1,"minecraft:chest":3,"mekanismtools:osmium_helmet":1,"minecraft:stone_bricks":2,"minecraft:coal_block":5,"minecraft:cooked_cod":16,"minecraft:crafting_table":1,"minecraft:wooden_pickaxe":1,"minecraft:cooked_salmon":6,"minecraft:bucket":1,"minecraft:birch_planks":244,"mekanismtools:osmium_leggings":1,"minecraft:stone_axe":1,"minecraft:air":0,"minecraft:oak_boat":1,"minecraft:wooden_hoe":1,"minecraft:shield":1,"minecraft:stick":48,"minecraft:iron_ingot":21,"minecraft:iron_pickaxe":1,"minecraft:stone_sword":1,"minecraft:iron_shovel":2,"minecraft:stonecutter":1,"minecraft:white_bed":1,"minecraft:torch":100},"minecraft:dropped":{"minecraft:feather":1,"minecraft:dirt":6,"minecraft:gray_wool":1,"mekanism:salt":4,"minecraft:gravel":1,"minecraft:rotten_flesh":4,"minecraft:gunpowder":1,"minecraft:andesite":1,"minecraft:black_wool":1},"minecraft:picked_up":{"minecraft:crafting_table":5,"minecraft:chicken":1,"minecraft:clay_ball":4,"mekanism:raw_uranium":2,"minecraft:oak_stairs":1,"minecraft:amethyst_block":4,"minecraft:string":2,"minecraft:raw_copper":19,"minecraft:pufferfish":2,"minecraft:cobbled_deepslate":4,"minecraft:oak_boat":1,"minecraft:calcite":25,"minecraft:birch_sapling":2,"minecraft:egg":1,"minecraft:furnace":3,"minecraft:stick":7,"minecraft:raw_iron":21,"minecraft:torch":11,"minecraft:rotten_flesh":11,"minecraft:arrow":10,"minecraft:tropical_fish":2,"minecraft:mutton":10,"minecraft:cod":16,"minecraft:white_wool":5,"minecraft:cobblestone":448,"minecraft:stripped_oak_log":1,"minecraft:birch_log":75,"minecraft:feather":1,"minecraft:tripwire_hook":2,"mekanism:raw_lead":7,"minecraft:salmon":6,"minecraft:andesite":229,"mekanismtools:osmium_sword":1,"minecraft:birch_planks":2,"minecraft:flint":7,"minecraft:oak_log":101,"minecraft:lily_pad":2,"minecraft:gunpowder":3,"minecraft:dirt":422,"mekanism:salt":4,"minecraft:bone":3,"minecraft:apple":1,"minecraft:stone_bricks":32,"minecraft:bow":1,"minecraft:wheat_seeds":4,"minecraft:raw_gold":10,"minecraft:oak_planks":6,"minecraft:smooth_basalt":16,"minecraft:gravel":46,"minecraft:sand":52,"minecraft:amethyst_shard":72,"minecraft:white_bed":2,"mekanism:raw_osmium":33,"minecraft:polished_andesite":6,"minecraft:diamond":6,"mekanism:fluorite_gem":7,"minecraft:gray_wool":1,"minecraft:oak_sapling":11,"minecraft:black_wool":1,"minecraft:coal":156},"minecraft:broken":{"minecraft:iron_shovel":1,"minecraft:stone_sword":1,"minecraft:wooden_pickaxe":1,"minecraft:stone_pickaxe":6,"minecraft:stone_axe":1},"minecraft:used":{"minecraft:stone_sword":134,"minecraft:iron_shovel":440,"minecraft:tropical_fish":1,"minecraft:chest":3,"minecraft:shield":14,"minecraft:cooked_salmon":6,"minecraft:cooked_chicken":1,"minecraft:torch":58,"minecraft:dirt":270,"mekanismtools:osmium_sword":15,"minecraft:iron_axe":80,"minecraft:oak_stairs":1,"minecraft:iron_boots":1,"minecraft:stone_bricks":214,"minecraft:cooked_cod":5,"minecraft:furnace":7,"minecraft:egg":1,"minecraft:wheat_seeds":4,"minecraft:cooked_mutton":10,"minecraft:water_bucket":12,"minecraft:birch_planks":172,"minecraft:polished_andesite":6,"minecraft:stone_pickaxe":786,"minecraft:wooden_pickaxe":59,"minecraft:stonecutter":1,"minecraft:white_wool":1,"minecraft:crafting_table":6,"minecraft:white_bed":3,"minecraft:oak_log":48,"minecraft:wooden_hoe":21,"minecraft:iron_pickaxe":180,"minecraft:gravel":5,"minecraft:stone_axe":131,"minecraft:fishing_rod":37,"minecraft:cobblestone":29,"minecraft:andesite":2,"minecraft:birch_log":14,"minecraft:bucket":13,"minecraft:oak_boat":1}},"DataVersion":3465}