{"stats":{"minecraft:used":{"minecraft:stone_sword":103,"minecraft:stone_shovel":106,"minecraft:chest":1,"minecraft:shield":1,"minecraft:stone_hoe":9,"minecraft:cooked_chicken":2,"minecraft:torch":17,"minecraft:dirt":10,"minecraft:mutton":1,"minecraft:lily_of_the_valley":1,"minecraft:spruce_boat":1,"alexsmobs:lobster_tail":1,"minecraft:furnace":7,"minecraft:potato":9,"minecraft:cooked_beef":1,"minecraft:wheat_seeds":3,"minecraft:cooked_mutton":4,"minecraft:stone_pickaxe":104,"minecraft:oak_planks":5,"minecraft:orange_tulip":2,"minecraft:wooden_pickaxe":60,"minecraft:blue_bed":5,"minecraft:crafting_table":5,"minecraft:oak_log":1,"alexsmobs:flying_fish":1,"minecraft:melon_slice":17,"minecraft:stone_axe":88,"minecraft:cobblestone":2,"minecraft:cooked_porkchop":5,"minecraft:birch_log":6,"alexsmobs:animal_dictionary":2,"minecraft:oak_boat":4,"minecraft:kelp":2,"minecraft:bone_meal":1},"minecraft:broken":{"minecraft:wooden_pickaxe":1},"minecraft:dropped":{"minecraft:golden_boots":1,"minecraft:wheat_seeds":3,"minecraft:orange_dye":1,"minecraft:feather":3,"minecraft:dirt":5,"minecraft:oak_stairs":1,"minecraft:string":2,"minecraft:bone":2,"minecraft:pink_tulip":1,"alexsmobs:maggot":2,"alexsmobs:animal_dictionary":1,"minecraft:light_gray_terracotta":15,"minecraft:birch_sapling":4,"minecraft:oak_planks":3,"minecraft:spruce_boat":1,"minecraft:peony":3,"minecraft:oak_sapling":2,"minecraft:spider_eye":1},"minecraft:killed_by":{"alexsmobs:gelada_monkey":1,"minecraft:skeleton":1},"minecraft:mined":{"minecraft:dark_oak_leaves":1,"minecraft:stripped_birch_log":1,"minecraft:dark_oak_log":22,"minecraft:grass_block":14,"minecraft:spruce_leaves":4,"minecraft:large_fern":5,"comforts:sleeping_bag_white":1,"minecraft:hay_block":13,"minecraft:furnace":4,"minecraft:iron_ore":10,"minecraft:pumpkin":6,"minecraft:peony":1,"minecraft:potatoes":7,"minecraft:vine":1,"minecraft:oak_stairs":1,"minecraft:pink_tulip":2,"minecraft:stone":53,"minecraft:kelp_plant":1,"minecraft:lily_of_the_valley":1,"minecraft:clay":97,"minecraft:crafting_table":4,"minecraft:light_gray_terracotta":20,"minecraft:melon":8,"mekanism:tin_ore":7,"minecraft:stone_slab":1,"minecraft:tall_grass":24,"minecraft:sugar_cane":3,"minecraft:oak_planks":3,"minecraft:blue_bed":5,"minecraft:birch_log":40,"minecraft:wheat":4,"minecraft:ice":1,"minecraft:birch_leaves":6,"minecraft:orange_tulip":3,"minecraft:grass":26,"minecraft:coal_ore":67,"minecraft:oak_log":14,"minecraft:dirt":1,"minecraft:oak_leaves":33,"minecraft:fern":2},"minecraft:crafted":{"minecraft:brick":43,"minecraft:oak_planks":52,"minecraft:stone_shovel":1,"minecraft:cooked_chicken":2,"minecraft:furnace":3,"minecraft:cooked_mutton":4,"minecraft:terracotta":75,"minecraft:iron_boots":1,"minecraft:stone_pickaxe":1,"minecraft:chest":1,"minecraft:spruce_boat":1,"minecraft:bricks":10,"minecraft:stone_hoe":1,"minecraft:cooked_beef":17,"minecraft:coal_block":5,"mekanism:ingot_tin":5,"minecraft:cooked_porkchop":6,"minecraft:crafting_table":1,"minecraft:iron_helmet":1,"minecraft:wooden_pickaxe":1,"minecraft:iron_sword":1,"minecraft:stone_axe":1,"minecraft:orange_dye":1,"minecraft:air":0,"minecraft:oak_boat":2,"minecraft:iron_chestplate":1,"minecraft:stick":8,"minecraft:iron_ingot":11,"minecraft:stone_sword":1,"minecraft:iron_leggings":1,"minecraft:torch":16,"minecraft:clay":84},"minecraft:picked_up":{"minecraft:crafting_table":5,"minecraft:chicken":5,"minecraft:clay_ball":380,"minecraft:stone_slab":1,"minecraft:wooden_pickaxe":1,"minecraft:oak_stairs":1,"minecraft:shield":1,"minecraft:string":2,"minecraft:beef":17,"minecraft:oak_boat":3,"minecraft:melon_slice":37,"minecraft:sugar_cane":10,"minecraft:birch_sapling":8,"minecraft:furnace":4,"minecraft:dark_oak_sapling":1,"minecraft:stick":11,"minecraft:raw_iron":10,"minecraft:torch":2,"minecraft:porkchop":6,"mekanism:raw_tin":7,"minecraft:stone_sword":1,"minecraft:peony":3,"minecraft:hay_block":13,"minecraft:pink_tulip":1,"minecraft:cobblestone":53,"minecraft:mutton":6,"minecraft:white_wool":5,"alexsmobs:flying_fish":4,"alexsmobs:lobster_tail":1,"minecraft:birch_log":40,"minecraft:feather":3,"minecraft:leather":16,"minecraft:potato":9,"minecraft:oak_log":14,"minecraft:stripped_birch_log":1,"minecraft:blue_bed":5,"minecraft:dirt":15,"minecraft:cooked_mutton":4,"minecraft:bone":2,"minecraft:kelp":2,"minecraft:wheat_seeds":6,"minecraft:orange_tulip":3,"minecraft:stone_pickaxe":1,"minecraft:oak_planks":31,"minecraft:pumpkin":6,"minecraft:cooked_porkchop":5,"minecraft:lily_of_the_valley":1,"alexsmobs:animal_dictionary":3,"minecraft:dark_oak_log":22,"minecraft:spider_eye":1,"minecraft:light_gray_terracotta":15,"minecraft:pumpkin_seeds":22,"minecraft:stone_axe":1,"minecraft:spruce_boat":1,"minecraft:bone_meal":2,"alexsmobs:maggot":2,"minecraft:oak_sapling":4,"minecraft:coal":70},"minecraft:killed":{"alexsmobs:lobster":3,"minecraft:spider":1,"minecraft:chicken":2,"alexsmobs:flying_fish":3,"minecraft:pig":3,"alexsmobs:seal":1,"minecraft:creeper":1,"alexsmobs:emu":1,"minecraft:sheep":4,"alexsmobs:gelada_monkey":1,"alexsmobs:terrapin":1,"alexsmobs:fly":1,"minecraft:cow":11},"minecraft:custom":{"minecraft:mob_kills":33,"minecraft:interact_with_crafting_table":23,"minecraft:leave_game":4,"minecraft:time_since_death":83322,"minecraft:climb_one_cm":844,"minecraft:sprint_one_cm":334764,"minecraft:walk_one_cm":193963,"minecraft:damage_blocked_by_shield":20,"minecraft:drop":31,"minecraft:play_time":113251,"minecraft:deaths":4,"minecraft:sneak_time":9110,"minecraft:walk_under_water_one_cm":25758,"minecraft:boat_one_cm":174062,"minecraft:jump":2182,"minecraft:walk_on_water_one_cm":26394,"minecraft:total_world_time":113251,"minecraft:interact_with_furnace":58,"minecraft:interact_with_stonecutter":1,"minecraft:sleep_in_bed":7,"minecraft:time_since_rest":7849,"minecraft:damage_taken":1886,"minecraft:damage_dealt":4838,"minecraft:swim_one_cm":58108,"minecraft:fly_one_cm":450967,"minecraft:player_kills":5,"minecraft:open_chest":15,"minecraft:crouch_one_cm":11667,"minecraft:fall_one_cm":70315}},"DataVersion":3465}