{"stats":{"minecraft:used":{"minecraft:cooked_mutton":3,"minecraft:dark_oak_stairs":41,"minecraft:water_bucket":4,"minecraft:birch_planks":55,"minecraft:oak_planks":3,"minecraft:poppy":1,"minecraft:chest":6,"minecraft:wooden_pickaxe":59,"minecraft:torch":2,"minecraft:dirt":2,"minecraft:mutton":14,"minecraft:crafting_table":4,"minecraft:light_gray_terracotta":9,"minecraft:birch_fence":15,"minecraft:dark_oak_planks":52,"minecraft:spruce_boat":3,"alexsmobs:flying_fish":1,"minecraft:wooden_axe":252,"minecraft:cyan_terracotta":38,"minecraft:apple":1,"minecraft:chicken":4,"minecraft:bread":6,"minecraft:birch_sapling":12,"minecraft:brown_wool":1,"minecraft:dark_oak_slab":42,"minecraft:beef":6,"minecraft:sweet_berries":7,"minecraft:oak_sapling":1,"minecraft:bucket":5,"minecraft:egg":1,"minecraft:ice":1,"alexsmobs:animal_dictionary":2,"comforts:sleeping_bag_white":8,"minecraft:cooked_beef":5,"minecraft:dandelion":1,"minecraft:birch_stairs":20},"minecraft:broken":{"minecraft:wooden_axe":4,"minecraft:wooden_pickaxe":1},"minecraft:dropped":{"minecraft:bread":1,"minecraft:sugar_cane":2,"minecraft:wheat_seeds":11,"alexsmobs:animal_dictionary":2,"minecraft:feather":1,"minecraft:rotten_flesh":2,"minecraft:oak_planks":36,"minecraft:potato":9,"minecraft:ink_sac":6,"minecraft:spruce_log":1,"minecraft:sand":16,"minecraft:pink_tulip":1},"minecraft:killed_by":{"minecraft:player":2},"minecraft:mined":{"minecraft:attached_pumpkin_stem":1,"minecraft:cyan_terracotta":38,"minecraft:dark_oak_log":47,"minecraft:jack_o_lantern":2,"minecraft:clay":12,"minecraft:crafting_table":3,"minecraft:light_gray_terracotta":9,"minecraft:grass_block":1,"minecraft:tall_grass":38,"minecraft:birch_planks":9,"minecraft:large_fern":3,"minecraft:dark_oak_slab":2,"minecraft:birch_log":44,"minecraft:spruce_log":12,"minecraft:birch_leaves":5,"minecraft:pumpkin":21,"minecraft:orange_tulip":1,"minecraft:dark_oak_stairs":1,"minecraft:grass":61,"minecraft:oak_log":9,"minecraft:dirt":1,"minecraft:sand":4,"minecraft:fern":1,"minecraft:dark_oak_planks":1},"minecraft:crafted":{"minecraft:oak_planks":36,"minecraft:dark_oak_stairs":64,"minecraft:crafting_table":2,"minecraft:spruce_planks":92,"minecraft:wooden_pickaxe":1,"minecraft:birch_planks":168,"minecraft:pumpkin_seeds":84,"minecraft:dark_oak_slab":72,"minecraft:birch_fence":15,"minecraft:stick":16,"minecraft:wooden_axe":5,"minecraft:chest":6,"minecraft:spruce_boat":2,"minecraft:dark_oak_planks":188,"minecraft:birch_stairs":28},"minecraft:picked_up":{"minecraft:wooden_axe":2,"minecraft:birch_log":42,"minecraft:shelter_pottery_sherd":2,"minecraft:crafting_table":5,"minecraft:feather":4,"minecraft:cooked_beef":5,"minecraft:chicken":6,"minecraft:clay_ball":48,"minecraft:water_bucket":1,"minecraft:leather":2,"minecraft:brown_wool":1,"minecraft:birch_planks":9,"minecraft:ice":1,"minecraft:oak_log":9,"minecraft:shield":2,"minecraft:dirt":2,"minecraft:cooked_mutton":3,"minecraft:bone":10,"minecraft:apple":1,"minecraft:orange_tulip":1,"minecraft:wheat_seeds":11,"comforts:sleeping_bag_white":9,"minecraft:spruce_planks":117,"minecraft:beef":6,"minecraft:poppy":1,"minecraft:sugar_cane":2,"minecraft:birch_sapling":13,"minecraft:oak_planks":25,"minecraft:dark_oak_stairs":1,"minecraft:egg":1,"minecraft:stick":19,"minecraft:sheaf_pottery_sherd":2,"minecraft:dark_oak_slab":2,"minecraft:pumpkin":21,"minecraft:dandelion":1,"minecraft:sand":16,"minecraft:ink_sac":6,"minecraft:spruce_log":12,"minecraft:dark_oak_log":47,"alexsmobs:animal_dictionary":1,"minecraft:dark_oak_planks":10,"minecraft:light_gray_terracotta":9,"minecraft:pumpkin_seeds":12,"minecraft:rotten_flesh":2,"minecraft:snort_pottery_sherd":1,"minecraft:angler_pottery_sherd":2,"minecraft:spruce_boat":5,"minecraft:cyan_terracotta":38,"minecraft:pink_tulip":1,"minecraft:gray_wool":1,"minecraft:bread":3,"minecraft:jack_o_lantern":2,"minecraft:oak_sapling":1,"minecraft:mutton":23,"minecraft:white_wool":23,"alexsmobs:flying_fish":1},"minecraft:killed":{"minecraft:sheep":16,"minecraft:zombie":1,"minecraft:chicken":6,"minecraft:cow":2},"minecraft:custom":{"minecraft:mob_kills":26,"minecraft:interact_with_crafting_table":16,"minecraft:bell_ring":233,"minecraft:leave_game":1,"minecraft:time_since_death":40592,"minecraft:sleep_in_bed":9,"minecraft:time_since_rest":4554,"minecraft:sprint_one_cm":316444,"minecraft:damage_taken":1553,"minecraft:walk_one_cm":359866,"minecraft:drop":45,"minecraft:damage_dealt":2871,"minecraft:swim_one_cm":56198,"minecraft:talked_to_villager":11,"minecraft:fly_one_cm":361692,"minecraft:open_chest":16,"minecraft:crouch_one_cm":3762,"minecraft:play_time":112032,"minecraft:deaths":2,"minecraft:sneak_time":1581,"minecraft:walk_under_water_one_cm":18927,"minecraft:boat_one_cm":226171,"minecraft:jump":2520,"minecraft:walk_on_water_one_cm":14140,"minecraft:total_world_time":112032,"minecraft:fall_one_cm":54746}},"DataVersion":3465}